--------------------------------------------------------
-- Archivo creado  - sábado-noviembre-18-2017   
--------------------------------------------------------
DROP VIEW "DBAUSER1"."FACTURAPACIENTE";
DROP VIEW "DBAUSER1"."INFO_FACTURA";
DROP TABLE "DBAUSER1"."CENTRO_COSTOS";
DROP TABLE "DBAUSER1"."CIUDAD";
DROP TABLE "DBAUSER1"."DETALLE_FACTURA";
DROP TABLE "DBAUSER1"."ESTADO";
DROP TABLE "DBAUSER1"."FACTURA";
DROP TABLE "DBAUSER1"."PACIENTE";
DROP TABLE "DBAUSER1"."PRODUCTO";
DROP SEQUENCE "DBAUSER1"."S_C_COSTOS";
DROP SEQUENCE "DBAUSER1"."S_CIUDAD";
DROP SEQUENCE "DBAUSER1"."S_DETALLE_FAC";
DROP SEQUENCE "DBAUSER1"."S_ESTADO";
DROP SEQUENCE "DBAUSER1"."S_FACTURA";
DROP SEQUENCE "DBAUSER1"."S_PACIENTE";
DROP SEQUENCE "DBAUSER1"."S_PRODUCTO";
DROP PROCEDURE "DBAUSER1"."AUMENTAR_COSTO_ARTICULO";
DROP FUNCTION "DBAUSER1"."CANTIDAD_ARTICULOS_FACTURA";
DROP FUNCTION "DBAUSER1"."SALDO_ARTICULOS_FACTURA";
--------------------------------------------------------
--  DDL for View FACTURAPACIENTE
--------------------------------------------------------

  CREATE OR REPLACE FORCE VIEW "DBAUSER1"."FACTURAPACIENTE" ("NUM_PACIENTE", "NOMBRE_PACIENTE", "DIRECCION_PACIENTE", "FECHA_FACTURA", "FECHA_ADMISION", "FECHA_ALTA", "ARTICULOS_HABITACIONYCOMIDA", "TOTAL_HABITACIONYCOMIDA", "ARTICULOS_LABORATORIO", "TOTAL_LABORATORIO", "ARTICULOS_RADIOLOGIA", "TOTAL_RADIOLOGIA") AS 
  SELECT  P.NUM_PACIENTE
,P.NOMBRE_PACIENTE
,P.DIRECCION_PACIENTE
,F.FECHA_FACTURA
,F.FECHA_ADMISION
,F.FECHA_ALTA
,CANTIDAD_ARTICULOS_FACTURA(3,54) AS ARTICULOS_HABITACIONYCOMIDA 
,SALDO_ARTICULOS_FACTURA(3,54) AS TOTAL_HABITACIONYCOMIDA
,CANTIDAD_ARTICULOS_FACTURA(2,4) AS ARTICULOS_LABORATORIO
,SALDO_ARTICULOS_FACTURA(2,4)AS TOTAL_LABORATORIO 
,CANTIDAD_ARTICULOS_FACTURA(4,1)AS ARTICULOS_RADIOLOGIA 
,SALDO_ARTICULOS_FACTURA(4,1) AS TOTAL_RADIOLOGIA
FROM FACTURA F 
INNER JOIN PACIENTE P ON F.NUM_PACIENTE = P.NUM_PACIENTE
INNER JOIN DETALLE_FACTURA DF
ON F.ID_FACTURA = DF.ID_FACTURA
INNER JOIN PRODUCTO PR
ON DF.ID_PRODUCTO = PR.ID_PRODUCTO
INNER JOIN CENTRO_COSTOS CC 
ON PR.ID_CENTRO_COSTOS = CC.ID_CENTRO_COSTOS
;
--------------------------------------------------------
--  DDL for View INFO_FACTURA
--------------------------------------------------------

  CREATE OR REPLACE FORCE VIEW "DBAUSER1"."INFO_FACTURA" ("NUM_PACIENTE", "NOMBRE_PACIENTE", "DIRECCION_PACIENTE", "FECHA_FACTURA", "TOTAL") AS 
  SELECT  P.NUM_PACIENTE,P.NOMBRE_PACIENTE,P.DIRECCION_PACIENTE,F.FECHA_FACTURA,SUM(DF.COSTO)AS TOTAL 
FROM FACTURA F
INNER JOIN PACIENTE P
ON F.NUM_PACIENTE = P.NUM_PACIENTE
INNER JOIN DETALLE_FACTURA DF
ON F.ID_FACTURA = DF.ID_FACTURA
INNER JOIN PRODUCTO PR
ON DF.ID_PRODUCTO = PR.ID_PRODUCTO
INNER JOIN CENTRO_COSTOS CC
ON PR.ID_CENTRO_COSTOS = CC.ID_CENTRO_COSTOS
WHERE DF.COSTO= (SELECT MAX(SUM(DF.COSTO))
FROM DETALLE_FACTURA DF 
INNER JOIN PRODUCTO P 
ON DF.ID_PRODUCTO = P.ID_PRODUCTO 
INNER JOIN CENTRO_COSTOS CC 
ON P.ID_CENTRO_COSTOS = CC.ID_CENTRO_COSTOS
WHERE CC.NOMBRE_CENTRO_COSTOS='HABITACION Y COMIDA'
GROUP BY DF.COSTO) AND CC.NOMBRE_CENTRO_COSTOS='HABITACION Y COMIDA' 
GROUP BY P.NUM_PACIENTE,P.NOMBRE_PACIENTE,P.DIRECCION_PACIENTE,F.FECHA_FACTURA
;
--------------------------------------------------------
--  DDL for Table CENTRO_COSTOS
--------------------------------------------------------

  CREATE TABLE "DBAUSER1"."CENTRO_COSTOS" 
   (	"ID_CENTRO_COSTOS" NUMBER, 
	"NOMBRE_CENTRO_COSTOS" VARCHAR2(20 BYTE)
   ) ;
--------------------------------------------------------
--  DDL for Table CIUDAD
--------------------------------------------------------

  CREATE TABLE "DBAUSER1"."CIUDAD" 
   (	"ID_CIUDAD" NUMBER, 
	"NOMBRE_CIUDAD" VARCHAR2(20 BYTE), 
	"CODIGO_POSTAL" VARCHAR2(20 BYTE), 
	"ID_ESTADO" NUMBER
   ) ;
--------------------------------------------------------
--  DDL for Table DETALLE_FACTURA
--------------------------------------------------------

  CREATE TABLE "DBAUSER1"."DETALLE_FACTURA" 
   (	"ID_DETALLE_FACTURA" NUMBER, 
	"ID_FACTURA" NUMBER, 
	"ID_PRODUCTO" NUMBER, 
	"FECHA" DATE, 
	"COSTO" NUMBER
   ) ;
--------------------------------------------------------
--  DDL for Table ESTADO
--------------------------------------------------------

  CREATE TABLE "DBAUSER1"."ESTADO" 
   (	"ID_ESTADO" NUMBER, 
	"NOMBRE_ESTADO" VARCHAR2(20 BYTE)
   ) ;
--------------------------------------------------------
--  DDL for Table FACTURA
--------------------------------------------------------

  CREATE TABLE "DBAUSER1"."FACTURA" 
   (	"ID_FACTURA" NUMBER, 
	"FECHA_FACTURA" DATE, 
	"NUM_PACIENTE" NUMBER, 
	"FECHA_ADMISION" DATE, 
	"FECHA_ALTA" DATE
   ) ;
--------------------------------------------------------
--  DDL for Table PACIENTE
--------------------------------------------------------

  CREATE TABLE "DBAUSER1"."PACIENTE" 
   (	"NUM_PACIENTE" NUMBER, 
	"NOMBRE_PACIENTE" VARCHAR2(50 BYTE), 
	"DIRECCION_PACIENTE" VARCHAR2(50 BYTE), 
	"ID_CIUDAD" NUMBER
   ) ;
--------------------------------------------------------
--  DDL for Table PRODUCTO
--------------------------------------------------------

  CREATE TABLE "DBAUSER1"."PRODUCTO" 
   (	"ID_PRODUCTO" NUMBER, 
	"NOMBRE_PRODUCTO" VARCHAR2(50 BYTE), 
	"PRECIO" NUMBER(10,2), 
	"ID_CENTRO_COSTOS" NUMBER, 
	"UNIDADES_DISPONIBLES" NUMBER DEFAULT 10
   ) ;
--------------------------------------------------------
--  DDL for Sequence S_C_COSTOS
--------------------------------------------------------

   CREATE SEQUENCE  "DBAUSER1"."S_C_COSTOS"  MINVALUE 1 MAXVALUE 9999999999999999999999999999 INCREMENT BY 1 START WITH 1 NOCACHE  NOORDER  NOCYCLE ;
--------------------------------------------------------
--  DDL for Sequence S_CIUDAD
--------------------------------------------------------

   CREATE SEQUENCE  "DBAUSER1"."S_CIUDAD"  MINVALUE 1 MAXVALUE 9999999999999999999999999999 INCREMENT BY 1 START WITH 1 NOCACHE  NOORDER  NOCYCLE ;
--------------------------------------------------------
--  DDL for Sequence S_DETALLE_FAC
--------------------------------------------------------

   CREATE SEQUENCE  "DBAUSER1"."S_DETALLE_FAC"  MINVALUE 1 MAXVALUE 9999999999999999999999999999 INCREMENT BY 1 START WITH 1 NOCACHE  NOORDER  NOCYCLE ;
--------------------------------------------------------
--  DDL for Sequence S_ESTADO
--------------------------------------------------------

   CREATE SEQUENCE  "DBAUSER1"."S_ESTADO"  MINVALUE 1 MAXVALUE 9999999999999999999999999999 INCREMENT BY 1 START WITH 1 NOCACHE  NOORDER  NOCYCLE ;
--------------------------------------------------------
--  DDL for Sequence S_FACTURA
--------------------------------------------------------

   CREATE SEQUENCE  "DBAUSER1"."S_FACTURA"  MINVALUE 1 MAXVALUE 9999999999999999999999999999 INCREMENT BY 1 START WITH 1 NOCACHE  NOORDER  NOCYCLE ;
--------------------------------------------------------
--  DDL for Sequence S_PACIENTE
--------------------------------------------------------

   CREATE SEQUENCE  "DBAUSER1"."S_PACIENTE"  MINVALUE 1 MAXVALUE 9999999999999999999999999999 INCREMENT BY 1 START WITH 1 NOCACHE  NOORDER  NOCYCLE ;
--------------------------------------------------------
--  DDL for Sequence S_PRODUCTO
--------------------------------------------------------

   CREATE SEQUENCE  "DBAUSER1"."S_PRODUCTO"  MINVALUE 1 MAXVALUE 9999999999999999999999999999 INCREMENT BY 1 START WITH 1 NOCACHE  NOORDER  NOCYCLE ;
REM INSERTING into DBAUSER1.CENTRO_COSTOS
SET DEFINE OFF;
Insert into DBAUSER1.CENTRO_COSTOS (ID_CENTRO_COSTOS,NOMBRE_CENTRO_COSTOS) values ('1','URGENCIAS');
Insert into DBAUSER1.CENTRO_COSTOS (ID_CENTRO_COSTOS,NOMBRE_CENTRO_COSTOS) values ('2','LABORATORIO');
Insert into DBAUSER1.CENTRO_COSTOS (ID_CENTRO_COSTOS,NOMBRE_CENTRO_COSTOS) values ('3','HABITACION Y COMIDA');
Insert into DBAUSER1.CENTRO_COSTOS (ID_CENTRO_COSTOS,NOMBRE_CENTRO_COSTOS) values ('4','RADIOLOGIA');
Insert into DBAUSER1.CENTRO_COSTOS (ID_CENTRO_COSTOS,NOMBRE_CENTRO_COSTOS) values ('5','CIRUGIA');
REM INSERTING into DBAUSER1.CIUDAD
SET DEFINE OFF;
Insert into DBAUSER1.CIUDAD (ID_CIUDAD,NOMBRE_CIUDAD,CODIGO_POSTAL,ID_ESTADO) values ('1','MEDELLIN','05001','1');
Insert into DBAUSER1.CIUDAD (ID_CIUDAD,NOMBRE_CIUDAD,CODIGO_POSTAL,ID_ESTADO) values ('2','CALI','04001','2');
Insert into DBAUSER1.CIUDAD (ID_CIUDAD,NOMBRE_CIUDAD,CODIGO_POSTAL,ID_ESTADO) values ('3','BOGOTA','01001','4');
Insert into DBAUSER1.CIUDAD (ID_CIUDAD,NOMBRE_CIUDAD,CODIGO_POSTAL,ID_ESTADO) values ('4','BUCARAMANGA','06001','5');
Insert into DBAUSER1.CIUDAD (ID_CIUDAD,NOMBRE_CIUDAD,CODIGO_POSTAL,ID_ESTADO) values ('5','BARRANQUILLA','07001','3');
REM INSERTING into DBAUSER1.DETALLE_FACTURA
SET DEFINE OFF;
Insert into DBAUSER1.DETALLE_FACTURA (ID_DETALLE_FACTURA,ID_FACTURA,ID_PRODUCTO,FECHA,COSTO) values ('1','1','4',to_date('25/01/17','DD/MM/RR'),'3368');
Insert into DBAUSER1.DETALLE_FACTURA (ID_DETALLE_FACTURA,ID_FACTURA,ID_PRODUCTO,FECHA,COSTO) values ('2','2','12',to_date('30/01/17','DD/MM/RR'),'56461');
Insert into DBAUSER1.DETALLE_FACTURA (ID_DETALLE_FACTURA,ID_FACTURA,ID_PRODUCTO,FECHA,COSTO) values ('3','3','8',to_date('06/10/17','DD/MM/RR'),'19556');
Insert into DBAUSER1.DETALLE_FACTURA (ID_DETALLE_FACTURA,ID_FACTURA,ID_PRODUCTO,FECHA,COSTO) values ('4','4','2',to_date('08/02/17','DD/MM/RR'),'44827');
Insert into DBAUSER1.DETALLE_FACTURA (ID_DETALLE_FACTURA,ID_FACTURA,ID_PRODUCTO,FECHA,COSTO) values ('5','5','4',to_date('26/01/17','DD/MM/RR'),'58738');
Insert into DBAUSER1.DETALLE_FACTURA (ID_DETALLE_FACTURA,ID_FACTURA,ID_PRODUCTO,FECHA,COSTO) values ('6','6','12',to_date('26/11/17','DD/MM/RR'),'59262');
Insert into DBAUSER1.DETALLE_FACTURA (ID_DETALLE_FACTURA,ID_FACTURA,ID_PRODUCTO,FECHA,COSTO) values ('7','7','5',to_date('01/08/17','DD/MM/RR'),'84244');
Insert into DBAUSER1.DETALLE_FACTURA (ID_DETALLE_FACTURA,ID_FACTURA,ID_PRODUCTO,FECHA,COSTO) values ('8','8','2',to_date('08/06/17','DD/MM/RR'),'18356');
Insert into DBAUSER1.DETALLE_FACTURA (ID_DETALLE_FACTURA,ID_FACTURA,ID_PRODUCTO,FECHA,COSTO) values ('9','9','5',to_date('30/07/17','DD/MM/RR'),'56553');
Insert into DBAUSER1.DETALLE_FACTURA (ID_DETALLE_FACTURA,ID_FACTURA,ID_PRODUCTO,FECHA,COSTO) values ('10','10','10',to_date('18/12/16','DD/MM/RR'),'49066');
Insert into DBAUSER1.DETALLE_FACTURA (ID_DETALLE_FACTURA,ID_FACTURA,ID_PRODUCTO,FECHA,COSTO) values ('11','11','10',to_date('20/06/17','DD/MM/RR'),'28999');
Insert into DBAUSER1.DETALLE_FACTURA (ID_DETALLE_FACTURA,ID_FACTURA,ID_PRODUCTO,FECHA,COSTO) values ('12','12','12',to_date('06/04/17','DD/MM/RR'),'20834');
Insert into DBAUSER1.DETALLE_FACTURA (ID_DETALLE_FACTURA,ID_FACTURA,ID_PRODUCTO,FECHA,COSTO) values ('13','13','10',to_date('21/02/17','DD/MM/RR'),'23963');
Insert into DBAUSER1.DETALLE_FACTURA (ID_DETALLE_FACTURA,ID_FACTURA,ID_PRODUCTO,FECHA,COSTO) values ('14','14','9',to_date('06/04/17','DD/MM/RR'),'8115');
Insert into DBAUSER1.DETALLE_FACTURA (ID_DETALLE_FACTURA,ID_FACTURA,ID_PRODUCTO,FECHA,COSTO) values ('15','15','9',to_date('28/09/17','DD/MM/RR'),'92838');
Insert into DBAUSER1.DETALLE_FACTURA (ID_DETALLE_FACTURA,ID_FACTURA,ID_PRODUCTO,FECHA,COSTO) values ('16','16','2',to_date('27/10/17','DD/MM/RR'),'89796');
Insert into DBAUSER1.DETALLE_FACTURA (ID_DETALLE_FACTURA,ID_FACTURA,ID_PRODUCTO,FECHA,COSTO) values ('17','17','2',to_date('01/10/17','DD/MM/RR'),'29958');
Insert into DBAUSER1.DETALLE_FACTURA (ID_DETALLE_FACTURA,ID_FACTURA,ID_PRODUCTO,FECHA,COSTO) values ('18','18','4',to_date('12/04/17','DD/MM/RR'),'11847');
Insert into DBAUSER1.DETALLE_FACTURA (ID_DETALLE_FACTURA,ID_FACTURA,ID_PRODUCTO,FECHA,COSTO) values ('19','19','4',to_date('27/09/17','DD/MM/RR'),'87451');
Insert into DBAUSER1.DETALLE_FACTURA (ID_DETALLE_FACTURA,ID_FACTURA,ID_PRODUCTO,FECHA,COSTO) values ('20','20','7',to_date('06/08/17','DD/MM/RR'),'95539');
Insert into DBAUSER1.DETALLE_FACTURA (ID_DETALLE_FACTURA,ID_FACTURA,ID_PRODUCTO,FECHA,COSTO) values ('21','21','2',to_date('01/09/17','DD/MM/RR'),'58083');
Insert into DBAUSER1.DETALLE_FACTURA (ID_DETALLE_FACTURA,ID_FACTURA,ID_PRODUCTO,FECHA,COSTO) values ('22','22','6',to_date('05/04/17','DD/MM/RR'),'65916');
Insert into DBAUSER1.DETALLE_FACTURA (ID_DETALLE_FACTURA,ID_FACTURA,ID_PRODUCTO,FECHA,COSTO) values ('23','23','11',to_date('18/02/17','DD/MM/RR'),'82684');
Insert into DBAUSER1.DETALLE_FACTURA (ID_DETALLE_FACTURA,ID_FACTURA,ID_PRODUCTO,FECHA,COSTO) values ('24','24','11',to_date('21/08/17','DD/MM/RR'),'44651');
Insert into DBAUSER1.DETALLE_FACTURA (ID_DETALLE_FACTURA,ID_FACTURA,ID_PRODUCTO,FECHA,COSTO) values ('25','25','12',to_date('18/11/17','DD/MM/RR'),'23309');
Insert into DBAUSER1.DETALLE_FACTURA (ID_DETALLE_FACTURA,ID_FACTURA,ID_PRODUCTO,FECHA,COSTO) values ('26','26','6',to_date('12/07/17','DD/MM/RR'),'78870');
Insert into DBAUSER1.DETALLE_FACTURA (ID_DETALLE_FACTURA,ID_FACTURA,ID_PRODUCTO,FECHA,COSTO) values ('27','27','3',to_date('22/08/17','DD/MM/RR'),'96582');
Insert into DBAUSER1.DETALLE_FACTURA (ID_DETALLE_FACTURA,ID_FACTURA,ID_PRODUCTO,FECHA,COSTO) values ('28','28','7',to_date('20/08/17','DD/MM/RR'),'49047');
Insert into DBAUSER1.DETALLE_FACTURA (ID_DETALLE_FACTURA,ID_FACTURA,ID_PRODUCTO,FECHA,COSTO) values ('29','29','4',to_date('02/05/17','DD/MM/RR'),'2702');
Insert into DBAUSER1.DETALLE_FACTURA (ID_DETALLE_FACTURA,ID_FACTURA,ID_PRODUCTO,FECHA,COSTO) values ('30','30','13',to_date('04/03/17','DD/MM/RR'),'200000');
Insert into DBAUSER1.DETALLE_FACTURA (ID_DETALLE_FACTURA,ID_FACTURA,ID_PRODUCTO,FECHA,COSTO) values ('31','31','10',to_date('10/08/17','DD/MM/RR'),'4373');
Insert into DBAUSER1.DETALLE_FACTURA (ID_DETALLE_FACTURA,ID_FACTURA,ID_PRODUCTO,FECHA,COSTO) values ('32','32','1',to_date('27/03/17','DD/MM/RR'),'77375');
Insert into DBAUSER1.DETALLE_FACTURA (ID_DETALLE_FACTURA,ID_FACTURA,ID_PRODUCTO,FECHA,COSTO) values ('33','33','10',to_date('01/12/16','DD/MM/RR'),'69540');
Insert into DBAUSER1.DETALLE_FACTURA (ID_DETALLE_FACTURA,ID_FACTURA,ID_PRODUCTO,FECHA,COSTO) values ('34','34','4',to_date('01/07/17','DD/MM/RR'),'86498');
Insert into DBAUSER1.DETALLE_FACTURA (ID_DETALLE_FACTURA,ID_FACTURA,ID_PRODUCTO,FECHA,COSTO) values ('35','35','7',to_date('10/08/17','DD/MM/RR'),'62484');
Insert into DBAUSER1.DETALLE_FACTURA (ID_DETALLE_FACTURA,ID_FACTURA,ID_PRODUCTO,FECHA,COSTO) values ('36','36','7',to_date('13/07/17','DD/MM/RR'),'82397');
Insert into DBAUSER1.DETALLE_FACTURA (ID_DETALLE_FACTURA,ID_FACTURA,ID_PRODUCTO,FECHA,COSTO) values ('37','37','12',to_date('10/05/17','DD/MM/RR'),'7095');
Insert into DBAUSER1.DETALLE_FACTURA (ID_DETALLE_FACTURA,ID_FACTURA,ID_PRODUCTO,FECHA,COSTO) values ('38','38','3',to_date('25/08/17','DD/MM/RR'),'49613');
Insert into DBAUSER1.DETALLE_FACTURA (ID_DETALLE_FACTURA,ID_FACTURA,ID_PRODUCTO,FECHA,COSTO) values ('39','39','6',to_date('16/04/17','DD/MM/RR'),'4474');
Insert into DBAUSER1.DETALLE_FACTURA (ID_DETALLE_FACTURA,ID_FACTURA,ID_PRODUCTO,FECHA,COSTO) values ('40','40','3',to_date('01/03/17','DD/MM/RR'),'66311');
Insert into DBAUSER1.DETALLE_FACTURA (ID_DETALLE_FACTURA,ID_FACTURA,ID_PRODUCTO,FECHA,COSTO) values ('41','41','3',to_date('15/11/16','DD/MM/RR'),'10961');
Insert into DBAUSER1.DETALLE_FACTURA (ID_DETALLE_FACTURA,ID_FACTURA,ID_PRODUCTO,FECHA,COSTO) values ('42','42','3',to_date('20/05/17','DD/MM/RR'),'4836');
Insert into DBAUSER1.DETALLE_FACTURA (ID_DETALLE_FACTURA,ID_FACTURA,ID_PRODUCTO,FECHA,COSTO) values ('43','43','2',to_date('10/06/17','DD/MM/RR'),'64693');
Insert into DBAUSER1.DETALLE_FACTURA (ID_DETALLE_FACTURA,ID_FACTURA,ID_PRODUCTO,FECHA,COSTO) values ('44','44','8',to_date('17/04/17','DD/MM/RR'),'28395');
Insert into DBAUSER1.DETALLE_FACTURA (ID_DETALLE_FACTURA,ID_FACTURA,ID_PRODUCTO,FECHA,COSTO) values ('45','45','14',to_date('30/06/17','DD/MM/RR'),'52583');
Insert into DBAUSER1.DETALLE_FACTURA (ID_DETALLE_FACTURA,ID_FACTURA,ID_PRODUCTO,FECHA,COSTO) values ('46','46','1',to_date('30/04/17','DD/MM/RR'),'29065');
Insert into DBAUSER1.DETALLE_FACTURA (ID_DETALLE_FACTURA,ID_FACTURA,ID_PRODUCTO,FECHA,COSTO) values ('47','47','14',to_date('17/07/17','DD/MM/RR'),'12092');
Insert into DBAUSER1.DETALLE_FACTURA (ID_DETALLE_FACTURA,ID_FACTURA,ID_PRODUCTO,FECHA,COSTO) values ('48','48','2',to_date('17/08/17','DD/MM/RR'),'99419');
Insert into DBAUSER1.DETALLE_FACTURA (ID_DETALLE_FACTURA,ID_FACTURA,ID_PRODUCTO,FECHA,COSTO) values ('49','49','4',to_date('03/09/17','DD/MM/RR'),'40832');
Insert into DBAUSER1.DETALLE_FACTURA (ID_DETALLE_FACTURA,ID_FACTURA,ID_PRODUCTO,FECHA,COSTO) values ('50','50','10',to_date('16/06/17','DD/MM/RR'),'14518');
Insert into DBAUSER1.DETALLE_FACTURA (ID_DETALLE_FACTURA,ID_FACTURA,ID_PRODUCTO,FECHA,COSTO) values ('51','51','5',to_date('21/01/17','DD/MM/RR'),'4276');
Insert into DBAUSER1.DETALLE_FACTURA (ID_DETALLE_FACTURA,ID_FACTURA,ID_PRODUCTO,FECHA,COSTO) values ('52','52','6',to_date('30/03/17','DD/MM/RR'),'48172');
Insert into DBAUSER1.DETALLE_FACTURA (ID_DETALLE_FACTURA,ID_FACTURA,ID_PRODUCTO,FECHA,COSTO) values ('53','53','9',to_date('22/03/17','DD/MM/RR'),'94841');
Insert into DBAUSER1.DETALLE_FACTURA (ID_DETALLE_FACTURA,ID_FACTURA,ID_PRODUCTO,FECHA,COSTO) values ('54','54','13',to_date('21/05/17','DD/MM/RR'),'22354');
Insert into DBAUSER1.DETALLE_FACTURA (ID_DETALLE_FACTURA,ID_FACTURA,ID_PRODUCTO,FECHA,COSTO) values ('55','55','5',to_date('03/10/17','DD/MM/RR'),'7769');
Insert into DBAUSER1.DETALLE_FACTURA (ID_DETALLE_FACTURA,ID_FACTURA,ID_PRODUCTO,FECHA,COSTO) values ('56','56','14',to_date('20/08/17','DD/MM/RR'),'89428');
Insert into DBAUSER1.DETALLE_FACTURA (ID_DETALLE_FACTURA,ID_FACTURA,ID_PRODUCTO,FECHA,COSTO) values ('57','57','8',to_date('04/06/17','DD/MM/RR'),'56545');
Insert into DBAUSER1.DETALLE_FACTURA (ID_DETALLE_FACTURA,ID_FACTURA,ID_PRODUCTO,FECHA,COSTO) values ('58','58','4',to_date('17/04/17','DD/MM/RR'),'37374');
Insert into DBAUSER1.DETALLE_FACTURA (ID_DETALLE_FACTURA,ID_FACTURA,ID_PRODUCTO,FECHA,COSTO) values ('59','59','13',to_date('05/01/17','DD/MM/RR'),'10211');
Insert into DBAUSER1.DETALLE_FACTURA (ID_DETALLE_FACTURA,ID_FACTURA,ID_PRODUCTO,FECHA,COSTO) values ('60','60','3',to_date('13/12/16','DD/MM/RR'),'65201');
Insert into DBAUSER1.DETALLE_FACTURA (ID_DETALLE_FACTURA,ID_FACTURA,ID_PRODUCTO,FECHA,COSTO) values ('61','61','12',to_date('17/08/17','DD/MM/RR'),'42843');
Insert into DBAUSER1.DETALLE_FACTURA (ID_DETALLE_FACTURA,ID_FACTURA,ID_PRODUCTO,FECHA,COSTO) values ('62','62','1',to_date('07/07/17','DD/MM/RR'),'77366');
Insert into DBAUSER1.DETALLE_FACTURA (ID_DETALLE_FACTURA,ID_FACTURA,ID_PRODUCTO,FECHA,COSTO) values ('63','63','5',to_date('12/05/17','DD/MM/RR'),'58048');
Insert into DBAUSER1.DETALLE_FACTURA (ID_DETALLE_FACTURA,ID_FACTURA,ID_PRODUCTO,FECHA,COSTO) values ('64','64','10',to_date('20/07/17','DD/MM/RR'),'39617');
Insert into DBAUSER1.DETALLE_FACTURA (ID_DETALLE_FACTURA,ID_FACTURA,ID_PRODUCTO,FECHA,COSTO) values ('65','65','10',to_date('27/03/17','DD/MM/RR'),'70064');
Insert into DBAUSER1.DETALLE_FACTURA (ID_DETALLE_FACTURA,ID_FACTURA,ID_PRODUCTO,FECHA,COSTO) values ('66','66','8',to_date('17/05/17','DD/MM/RR'),'52836');
Insert into DBAUSER1.DETALLE_FACTURA (ID_DETALLE_FACTURA,ID_FACTURA,ID_PRODUCTO,FECHA,COSTO) values ('67','67','12',to_date('19/11/16','DD/MM/RR'),'41966');
Insert into DBAUSER1.DETALLE_FACTURA (ID_DETALLE_FACTURA,ID_FACTURA,ID_PRODUCTO,FECHA,COSTO) values ('68','68','7',to_date('18/09/17','DD/MM/RR'),'51124');
Insert into DBAUSER1.DETALLE_FACTURA (ID_DETALLE_FACTURA,ID_FACTURA,ID_PRODUCTO,FECHA,COSTO) values ('69','69','2',to_date('02/07/17','DD/MM/RR'),'18919');
Insert into DBAUSER1.DETALLE_FACTURA (ID_DETALLE_FACTURA,ID_FACTURA,ID_PRODUCTO,FECHA,COSTO) values ('70','70','12',to_date('27/05/17','DD/MM/RR'),'37598');
Insert into DBAUSER1.DETALLE_FACTURA (ID_DETALLE_FACTURA,ID_FACTURA,ID_PRODUCTO,FECHA,COSTO) values ('71','71','6',to_date('10/04/17','DD/MM/RR'),'76561');
Insert into DBAUSER1.DETALLE_FACTURA (ID_DETALLE_FACTURA,ID_FACTURA,ID_PRODUCTO,FECHA,COSTO) values ('72','72','3',to_date('26/07/17','DD/MM/RR'),'19593');
Insert into DBAUSER1.DETALLE_FACTURA (ID_DETALLE_FACTURA,ID_FACTURA,ID_PRODUCTO,FECHA,COSTO) values ('73','73','2',to_date('03/05/17','DD/MM/RR'),'53574');
Insert into DBAUSER1.DETALLE_FACTURA (ID_DETALLE_FACTURA,ID_FACTURA,ID_PRODUCTO,FECHA,COSTO) values ('74','74','11',to_date('18/08/17','DD/MM/RR'),'11059');
Insert into DBAUSER1.DETALLE_FACTURA (ID_DETALLE_FACTURA,ID_FACTURA,ID_PRODUCTO,FECHA,COSTO) values ('75','75','11',to_date('10/09/17','DD/MM/RR'),'54487');
Insert into DBAUSER1.DETALLE_FACTURA (ID_DETALLE_FACTURA,ID_FACTURA,ID_PRODUCTO,FECHA,COSTO) values ('76','76','3',to_date('15/09/17','DD/MM/RR'),'34320');
Insert into DBAUSER1.DETALLE_FACTURA (ID_DETALLE_FACTURA,ID_FACTURA,ID_PRODUCTO,FECHA,COSTO) values ('77','77','8',to_date('26/05/17','DD/MM/RR'),'86400');
Insert into DBAUSER1.DETALLE_FACTURA (ID_DETALLE_FACTURA,ID_FACTURA,ID_PRODUCTO,FECHA,COSTO) values ('78','78','11',to_date('06/11/17','DD/MM/RR'),'79113');
Insert into DBAUSER1.DETALLE_FACTURA (ID_DETALLE_FACTURA,ID_FACTURA,ID_PRODUCTO,FECHA,COSTO) values ('79','79','1',to_date('10/12/16','DD/MM/RR'),'33838');
Insert into DBAUSER1.DETALLE_FACTURA (ID_DETALLE_FACTURA,ID_FACTURA,ID_PRODUCTO,FECHA,COSTO) values ('80','80','12',to_date('07/06/17','DD/MM/RR'),'6508');
Insert into DBAUSER1.DETALLE_FACTURA (ID_DETALLE_FACTURA,ID_FACTURA,ID_PRODUCTO,FECHA,COSTO) values ('81','81','6',to_date('02/11/17','DD/MM/RR'),'33571');
Insert into DBAUSER1.DETALLE_FACTURA (ID_DETALLE_FACTURA,ID_FACTURA,ID_PRODUCTO,FECHA,COSTO) values ('82','82','13',to_date('18/08/17','DD/MM/RR'),'87639');
Insert into DBAUSER1.DETALLE_FACTURA (ID_DETALLE_FACTURA,ID_FACTURA,ID_PRODUCTO,FECHA,COSTO) values ('83','83','5',to_date('26/06/17','DD/MM/RR'),'45335');
Insert into DBAUSER1.DETALLE_FACTURA (ID_DETALLE_FACTURA,ID_FACTURA,ID_PRODUCTO,FECHA,COSTO) values ('84','84','11',to_date('27/12/16','DD/MM/RR'),'55751');
Insert into DBAUSER1.DETALLE_FACTURA (ID_DETALLE_FACTURA,ID_FACTURA,ID_PRODUCTO,FECHA,COSTO) values ('85','85','11',to_date('02/02/17','DD/MM/RR'),'19616');
Insert into DBAUSER1.DETALLE_FACTURA (ID_DETALLE_FACTURA,ID_FACTURA,ID_PRODUCTO,FECHA,COSTO) values ('86','86','5',to_date('16/04/17','DD/MM/RR'),'7318');
Insert into DBAUSER1.DETALLE_FACTURA (ID_DETALLE_FACTURA,ID_FACTURA,ID_PRODUCTO,FECHA,COSTO) values ('87','87','2',to_date('17/06/17','DD/MM/RR'),'52759');
Insert into DBAUSER1.DETALLE_FACTURA (ID_DETALLE_FACTURA,ID_FACTURA,ID_PRODUCTO,FECHA,COSTO) values ('88','88','12',to_date('12/08/17','DD/MM/RR'),'14239');
Insert into DBAUSER1.DETALLE_FACTURA (ID_DETALLE_FACTURA,ID_FACTURA,ID_PRODUCTO,FECHA,COSTO) values ('89','89','12',to_date('31/12/16','DD/MM/RR'),'51448');
Insert into DBAUSER1.DETALLE_FACTURA (ID_DETALLE_FACTURA,ID_FACTURA,ID_PRODUCTO,FECHA,COSTO) values ('90','90','12',to_date('23/08/17','DD/MM/RR'),'62021');
Insert into DBAUSER1.DETALLE_FACTURA (ID_DETALLE_FACTURA,ID_FACTURA,ID_PRODUCTO,FECHA,COSTO) values ('91','91','12',to_date('14/12/16','DD/MM/RR'),'46468');
Insert into DBAUSER1.DETALLE_FACTURA (ID_DETALLE_FACTURA,ID_FACTURA,ID_PRODUCTO,FECHA,COSTO) values ('92','92','7',to_date('11/04/17','DD/MM/RR'),'58355');
Insert into DBAUSER1.DETALLE_FACTURA (ID_DETALLE_FACTURA,ID_FACTURA,ID_PRODUCTO,FECHA,COSTO) values ('93','93','14',to_date('13/10/17','DD/MM/RR'),'76264');
Insert into DBAUSER1.DETALLE_FACTURA (ID_DETALLE_FACTURA,ID_FACTURA,ID_PRODUCTO,FECHA,COSTO) values ('94','94','11',to_date('13/03/17','DD/MM/RR'),'23973');
Insert into DBAUSER1.DETALLE_FACTURA (ID_DETALLE_FACTURA,ID_FACTURA,ID_PRODUCTO,FECHA,COSTO) values ('95','95','6',to_date('22/03/17','DD/MM/RR'),'12485');
Insert into DBAUSER1.DETALLE_FACTURA (ID_DETALLE_FACTURA,ID_FACTURA,ID_PRODUCTO,FECHA,COSTO) values ('96','96','11',to_date('23/12/16','DD/MM/RR'),'65655');
Insert into DBAUSER1.DETALLE_FACTURA (ID_DETALLE_FACTURA,ID_FACTURA,ID_PRODUCTO,FECHA,COSTO) values ('97','97','7',to_date('18/08/17','DD/MM/RR'),'4654');
Insert into DBAUSER1.DETALLE_FACTURA (ID_DETALLE_FACTURA,ID_FACTURA,ID_PRODUCTO,FECHA,COSTO) values ('98','98','1',to_date('08/06/17','DD/MM/RR'),'32232');
Insert into DBAUSER1.DETALLE_FACTURA (ID_DETALLE_FACTURA,ID_FACTURA,ID_PRODUCTO,FECHA,COSTO) values ('99','99','3',to_date('12/09/17','DD/MM/RR'),'43974');
Insert into DBAUSER1.DETALLE_FACTURA (ID_DETALLE_FACTURA,ID_FACTURA,ID_PRODUCTO,FECHA,COSTO) values ('100','100','4',to_date('06/09/17','DD/MM/RR'),'48396');
REM INSERTING into DBAUSER1.ESTADO
SET DEFINE OFF;
Insert into DBAUSER1.ESTADO (ID_ESTADO,NOMBRE_ESTADO) values ('1','ANTIOQUIA');
Insert into DBAUSER1.ESTADO (ID_ESTADO,NOMBRE_ESTADO) values ('2','VALLE');
Insert into DBAUSER1.ESTADO (ID_ESTADO,NOMBRE_ESTADO) values ('3','ATLANTICO');
Insert into DBAUSER1.ESTADO (ID_ESTADO,NOMBRE_ESTADO) values ('4','CUNDINAMARCA');
Insert into DBAUSER1.ESTADO (ID_ESTADO,NOMBRE_ESTADO) values ('5','SANTANDER');
REM INSERTING into DBAUSER1.FACTURA
SET DEFINE OFF;
Insert into DBAUSER1.FACTURA (ID_FACTURA,FECHA_FACTURA,NUM_PACIENTE,FECHA_ADMISION,FECHA_ALTA) values ('1',to_date('14/01/17','DD/MM/RR'),'1111111127',to_date('12/12/16','DD/MM/RR'),to_date('01/02/17','DD/MM/RR'));
Insert into DBAUSER1.FACTURA (ID_FACTURA,FECHA_FACTURA,NUM_PACIENTE,FECHA_ADMISION,FECHA_ALTA) values ('2',to_date('01/02/17','DD/MM/RR'),'1111111127',to_date('10/05/17','DD/MM/RR'),to_date('10/06/17','DD/MM/RR'));
Insert into DBAUSER1.FACTURA (ID_FACTURA,FECHA_FACTURA,NUM_PACIENTE,FECHA_ADMISION,FECHA_ALTA) values ('3',to_date('09/02/17','DD/MM/RR'),'1111111115',to_date('14/01/17','DD/MM/RR'),to_date('03/06/17','DD/MM/RR'));
Insert into DBAUSER1.FACTURA (ID_FACTURA,FECHA_FACTURA,NUM_PACIENTE,FECHA_ADMISION,FECHA_ALTA) values ('4',to_date('24/11/16','DD/MM/RR'),'1111111114',to_date('26/11/16','DD/MM/RR'),to_date('24/10/17','DD/MM/RR'));
Insert into DBAUSER1.FACTURA (ID_FACTURA,FECHA_FACTURA,NUM_PACIENTE,FECHA_ADMISION,FECHA_ALTA) values ('5',to_date('21/06/17','DD/MM/RR'),'1111111121',to_date('29/10/17','DD/MM/RR'),to_date('26/06/17','DD/MM/RR'));
Insert into DBAUSER1.FACTURA (ID_FACTURA,FECHA_FACTURA,NUM_PACIENTE,FECHA_ADMISION,FECHA_ALTA) values ('6',to_date('10/01/17','DD/MM/RR'),'1111111122',to_date('29/04/17','DD/MM/RR'),to_date('20/10/17','DD/MM/RR'));
Insert into DBAUSER1.FACTURA (ID_FACTURA,FECHA_FACTURA,NUM_PACIENTE,FECHA_ADMISION,FECHA_ALTA) values ('7',to_date('14/07/17','DD/MM/RR'),'1111111123',to_date('26/12/16','DD/MM/RR'),to_date('02/07/17','DD/MM/RR'));
Insert into DBAUSER1.FACTURA (ID_FACTURA,FECHA_FACTURA,NUM_PACIENTE,FECHA_ADMISION,FECHA_ALTA) values ('8',to_date('31/10/17','DD/MM/RR'),'1111111119',to_date('02/08/17','DD/MM/RR'),to_date('31/10/17','DD/MM/RR'));
Insert into DBAUSER1.FACTURA (ID_FACTURA,FECHA_FACTURA,NUM_PACIENTE,FECHA_ADMISION,FECHA_ALTA) values ('9',to_date('31/08/17','DD/MM/RR'),'1111111119',to_date('29/10/17','DD/MM/RR'),to_date('26/01/17','DD/MM/RR'));
Insert into DBAUSER1.FACTURA (ID_FACTURA,FECHA_FACTURA,NUM_PACIENTE,FECHA_ADMISION,FECHA_ALTA) values ('10',to_date('12/10/17','DD/MM/RR'),'1111111129',to_date('22/10/17','DD/MM/RR'),to_date('18/04/17','DD/MM/RR'));
Insert into DBAUSER1.FACTURA (ID_FACTURA,FECHA_FACTURA,NUM_PACIENTE,FECHA_ADMISION,FECHA_ALTA) values ('11',to_date('21/11/17','DD/MM/RR'),'1111111124',to_date('05/12/16','DD/MM/RR'),to_date('14/09/17','DD/MM/RR'));
Insert into DBAUSER1.FACTURA (ID_FACTURA,FECHA_FACTURA,NUM_PACIENTE,FECHA_ADMISION,FECHA_ALTA) values ('12',to_date('04/07/17','DD/MM/RR'),'1111111125',to_date('02/03/17','DD/MM/RR'),to_date('23/02/17','DD/MM/RR'));
Insert into DBAUSER1.FACTURA (ID_FACTURA,FECHA_FACTURA,NUM_PACIENTE,FECHA_ADMISION,FECHA_ALTA) values ('13',to_date('21/03/17','DD/MM/RR'),'1111111120',to_date('02/02/17','DD/MM/RR'),to_date('18/01/17','DD/MM/RR'));
Insert into DBAUSER1.FACTURA (ID_FACTURA,FECHA_FACTURA,NUM_PACIENTE,FECHA_ADMISION,FECHA_ALTA) values ('14',to_date('20/01/17','DD/MM/RR'),'1111111121',to_date('01/07/17','DD/MM/RR'),to_date('11/11/17','DD/MM/RR'));
Insert into DBAUSER1.FACTURA (ID_FACTURA,FECHA_FACTURA,NUM_PACIENTE,FECHA_ADMISION,FECHA_ALTA) values ('15',to_date('27/12/16','DD/MM/RR'),'1111111125',to_date('29/11/16','DD/MM/RR'),to_date('23/07/17','DD/MM/RR'));
Insert into DBAUSER1.FACTURA (ID_FACTURA,FECHA_FACTURA,NUM_PACIENTE,FECHA_ADMISION,FECHA_ALTA) values ('16',to_date('22/04/17','DD/MM/RR'),'1111111114',to_date('27/03/17','DD/MM/RR'),to_date('12/12/16','DD/MM/RR'));
Insert into DBAUSER1.FACTURA (ID_FACTURA,FECHA_FACTURA,NUM_PACIENTE,FECHA_ADMISION,FECHA_ALTA) values ('17',to_date('07/08/17','DD/MM/RR'),'1111111127',to_date('06/04/17','DD/MM/RR'),to_date('04/01/17','DD/MM/RR'));
Insert into DBAUSER1.FACTURA (ID_FACTURA,FECHA_FACTURA,NUM_PACIENTE,FECHA_ADMISION,FECHA_ALTA) values ('18',to_date('28/05/17','DD/MM/RR'),'1111111116',to_date('19/11/16','DD/MM/RR'),to_date('07/04/17','DD/MM/RR'));
Insert into DBAUSER1.FACTURA (ID_FACTURA,FECHA_FACTURA,NUM_PACIENTE,FECHA_ADMISION,FECHA_ALTA) values ('19',to_date('14/05/17','DD/MM/RR'),'1111111127',to_date('27/12/16','DD/MM/RR'),to_date('13/05/17','DD/MM/RR'));
Insert into DBAUSER1.FACTURA (ID_FACTURA,FECHA_FACTURA,NUM_PACIENTE,FECHA_ADMISION,FECHA_ALTA) values ('20',to_date('12/06/17','DD/MM/RR'),'1111111126',to_date('23/08/17','DD/MM/RR'),to_date('06/04/17','DD/MM/RR'));
Insert into DBAUSER1.FACTURA (ID_FACTURA,FECHA_FACTURA,NUM_PACIENTE,FECHA_ADMISION,FECHA_ALTA) values ('21',to_date('04/01/17','DD/MM/RR'),'1111111118',to_date('26/09/17','DD/MM/RR'),to_date('01/08/17','DD/MM/RR'));
Insert into DBAUSER1.FACTURA (ID_FACTURA,FECHA_FACTURA,NUM_PACIENTE,FECHA_ADMISION,FECHA_ALTA) values ('22',to_date('10/04/17','DD/MM/RR'),'1111111122',to_date('05/03/17','DD/MM/RR'),to_date('19/06/17','DD/MM/RR'));
Insert into DBAUSER1.FACTURA (ID_FACTURA,FECHA_FACTURA,NUM_PACIENTE,FECHA_ADMISION,FECHA_ALTA) values ('23',to_date('01/10/17','DD/MM/RR'),'1111111121',to_date('14/05/17','DD/MM/RR'),to_date('13/11/16','DD/MM/RR'));
Insert into DBAUSER1.FACTURA (ID_FACTURA,FECHA_FACTURA,NUM_PACIENTE,FECHA_ADMISION,FECHA_ALTA) values ('24',to_date('12/10/17','DD/MM/RR'),'1111111127',to_date('04/11/17','DD/MM/RR'),to_date('20/12/16','DD/MM/RR'));
Insert into DBAUSER1.FACTURA (ID_FACTURA,FECHA_FACTURA,NUM_PACIENTE,FECHA_ADMISION,FECHA_ALTA) values ('25',to_date('04/11/17','DD/MM/RR'),'1111111119',to_date('27/06/17','DD/MM/RR'),to_date('18/02/17','DD/MM/RR'));
Insert into DBAUSER1.FACTURA (ID_FACTURA,FECHA_FACTURA,NUM_PACIENTE,FECHA_ADMISION,FECHA_ALTA) values ('26',to_date('11/10/17','DD/MM/RR'),'1111111119',to_date('09/09/17','DD/MM/RR'),to_date('03/03/17','DD/MM/RR'));
Insert into DBAUSER1.FACTURA (ID_FACTURA,FECHA_FACTURA,NUM_PACIENTE,FECHA_ADMISION,FECHA_ALTA) values ('27',to_date('24/03/17','DD/MM/RR'),'1111111119',to_date('12/10/17','DD/MM/RR'),to_date('23/11/17','DD/MM/RR'));
Insert into DBAUSER1.FACTURA (ID_FACTURA,FECHA_FACTURA,NUM_PACIENTE,FECHA_ADMISION,FECHA_ALTA) values ('28',to_date('14/12/16','DD/MM/RR'),'1111111118',to_date('28/01/17','DD/MM/RR'),to_date('06/03/17','DD/MM/RR'));
Insert into DBAUSER1.FACTURA (ID_FACTURA,FECHA_FACTURA,NUM_PACIENTE,FECHA_ADMISION,FECHA_ALTA) values ('29',to_date('08/02/17','DD/MM/RR'),'1111111130',to_date('21/10/17','DD/MM/RR'),to_date('20/06/17','DD/MM/RR'));
Insert into DBAUSER1.FACTURA (ID_FACTURA,FECHA_FACTURA,NUM_PACIENTE,FECHA_ADMISION,FECHA_ALTA) values ('30',to_date('16/01/17','DD/MM/RR'),'1111111113',to_date('13/06/17','DD/MM/RR'),to_date('23/11/17','DD/MM/RR'));
Insert into DBAUSER1.FACTURA (ID_FACTURA,FECHA_FACTURA,NUM_PACIENTE,FECHA_ADMISION,FECHA_ALTA) values ('31',to_date('22/05/17','DD/MM/RR'),'1111111117',to_date('28/03/17','DD/MM/RR'),to_date('25/06/17','DD/MM/RR'));
Insert into DBAUSER1.FACTURA (ID_FACTURA,FECHA_FACTURA,NUM_PACIENTE,FECHA_ADMISION,FECHA_ALTA) values ('32',to_date('03/01/17','DD/MM/RR'),'1111111118',to_date('08/07/17','DD/MM/RR'),to_date('26/07/17','DD/MM/RR'));
Insert into DBAUSER1.FACTURA (ID_FACTURA,FECHA_FACTURA,NUM_PACIENTE,FECHA_ADMISION,FECHA_ALTA) values ('33',to_date('25/11/17','DD/MM/RR'),'1111111117',to_date('08/12/16','DD/MM/RR'),to_date('26/12/16','DD/MM/RR'));
Insert into DBAUSER1.FACTURA (ID_FACTURA,FECHA_FACTURA,NUM_PACIENTE,FECHA_ADMISION,FECHA_ALTA) values ('34',to_date('03/05/17','DD/MM/RR'),'1111111128',to_date('24/01/17','DD/MM/RR'),to_date('12/06/17','DD/MM/RR'));
Insert into DBAUSER1.FACTURA (ID_FACTURA,FECHA_FACTURA,NUM_PACIENTE,FECHA_ADMISION,FECHA_ALTA) values ('35',to_date('05/01/17','DD/MM/RR'),'1111111128',to_date('22/01/17','DD/MM/RR'),to_date('04/11/17','DD/MM/RR'));
Insert into DBAUSER1.FACTURA (ID_FACTURA,FECHA_FACTURA,NUM_PACIENTE,FECHA_ADMISION,FECHA_ALTA) values ('36',to_date('04/07/17','DD/MM/RR'),'1111111129',to_date('10/07/17','DD/MM/RR'),to_date('30/12/16','DD/MM/RR'));
Insert into DBAUSER1.FACTURA (ID_FACTURA,FECHA_FACTURA,NUM_PACIENTE,FECHA_ADMISION,FECHA_ALTA) values ('37',to_date('29/04/17','DD/MM/RR'),'1111111112',to_date('22/08/17','DD/MM/RR'),to_date('15/01/17','DD/MM/RR'));
Insert into DBAUSER1.FACTURA (ID_FACTURA,FECHA_FACTURA,NUM_PACIENTE,FECHA_ADMISION,FECHA_ALTA) values ('38',to_date('02/08/17','DD/MM/RR'),'1111111115',to_date('10/10/17','DD/MM/RR'),to_date('03/10/17','DD/MM/RR'));
Insert into DBAUSER1.FACTURA (ID_FACTURA,FECHA_FACTURA,NUM_PACIENTE,FECHA_ADMISION,FECHA_ALTA) values ('39',to_date('22/08/17','DD/MM/RR'),'1111111121',to_date('18/08/17','DD/MM/RR'),to_date('16/04/17','DD/MM/RR'));
Insert into DBAUSER1.FACTURA (ID_FACTURA,FECHA_FACTURA,NUM_PACIENTE,FECHA_ADMISION,FECHA_ALTA) values ('40',to_date('07/12/16','DD/MM/RR'),'1111111130',to_date('02/02/17','DD/MM/RR'),to_date('24/04/17','DD/MM/RR'));
Insert into DBAUSER1.FACTURA (ID_FACTURA,FECHA_FACTURA,NUM_PACIENTE,FECHA_ADMISION,FECHA_ALTA) values ('41',to_date('11/10/17','DD/MM/RR'),'1111111114',to_date('18/04/17','DD/MM/RR'),to_date('15/01/17','DD/MM/RR'));
Insert into DBAUSER1.FACTURA (ID_FACTURA,FECHA_FACTURA,NUM_PACIENTE,FECHA_ADMISION,FECHA_ALTA) values ('42',to_date('13/09/17','DD/MM/RR'),'1111111117',to_date('06/06/17','DD/MM/RR'),to_date('19/04/17','DD/MM/RR'));
Insert into DBAUSER1.FACTURA (ID_FACTURA,FECHA_FACTURA,NUM_PACIENTE,FECHA_ADMISION,FECHA_ALTA) values ('43',to_date('26/09/17','DD/MM/RR'),'1111111129',to_date('26/11/16','DD/MM/RR'),to_date('29/07/17','DD/MM/RR'));
Insert into DBAUSER1.FACTURA (ID_FACTURA,FECHA_FACTURA,NUM_PACIENTE,FECHA_ADMISION,FECHA_ALTA) values ('44',to_date('10/11/17','DD/MM/RR'),'1111111125',to_date('27/07/17','DD/MM/RR'),to_date('31/08/17','DD/MM/RR'));
Insert into DBAUSER1.FACTURA (ID_FACTURA,FECHA_FACTURA,NUM_PACIENTE,FECHA_ADMISION,FECHA_ALTA) values ('45',to_date('28/08/17','DD/MM/RR'),'1111111129',to_date('22/09/17','DD/MM/RR'),to_date('20/05/17','DD/MM/RR'));
Insert into DBAUSER1.FACTURA (ID_FACTURA,FECHA_FACTURA,NUM_PACIENTE,FECHA_ADMISION,FECHA_ALTA) values ('46',to_date('18/10/17','DD/MM/RR'),'1111111118',to_date('21/11/17','DD/MM/RR'),to_date('28/06/17','DD/MM/RR'));
Insert into DBAUSER1.FACTURA (ID_FACTURA,FECHA_FACTURA,NUM_PACIENTE,FECHA_ADMISION,FECHA_ALTA) values ('47',to_date('10/12/16','DD/MM/RR'),'1111111113',to_date('16/07/17','DD/MM/RR'),to_date('14/03/17','DD/MM/RR'));
Insert into DBAUSER1.FACTURA (ID_FACTURA,FECHA_FACTURA,NUM_PACIENTE,FECHA_ADMISION,FECHA_ALTA) values ('48',to_date('21/11/17','DD/MM/RR'),'1111111119',to_date('05/05/17','DD/MM/RR'),to_date('14/04/17','DD/MM/RR'));
Insert into DBAUSER1.FACTURA (ID_FACTURA,FECHA_FACTURA,NUM_PACIENTE,FECHA_ADMISION,FECHA_ALTA) values ('49',to_date('15/09/17','DD/MM/RR'),'1111111120',to_date('14/11/17','DD/MM/RR'),to_date('17/02/17','DD/MM/RR'));
Insert into DBAUSER1.FACTURA (ID_FACTURA,FECHA_FACTURA,NUM_PACIENTE,FECHA_ADMISION,FECHA_ALTA) values ('50',to_date('12/10/17','DD/MM/RR'),'1111111116',to_date('20/02/17','DD/MM/RR'),to_date('05/12/16','DD/MM/RR'));
Insert into DBAUSER1.FACTURA (ID_FACTURA,FECHA_FACTURA,NUM_PACIENTE,FECHA_ADMISION,FECHA_ALTA) values ('51',to_date('27/11/17','DD/MM/RR'),'1111111124',to_date('29/05/17','DD/MM/RR'),to_date('22/10/17','DD/MM/RR'));
Insert into DBAUSER1.FACTURA (ID_FACTURA,FECHA_FACTURA,NUM_PACIENTE,FECHA_ADMISION,FECHA_ALTA) values ('52',to_date('21/11/17','DD/MM/RR'),'1111111123',to_date('18/07/17','DD/MM/RR'),to_date('02/05/17','DD/MM/RR'));
Insert into DBAUSER1.FACTURA (ID_FACTURA,FECHA_FACTURA,NUM_PACIENTE,FECHA_ADMISION,FECHA_ALTA) values ('53',to_date('20/11/17','DD/MM/RR'),'1111111120',to_date('13/12/16','DD/MM/RR'),to_date('29/12/16','DD/MM/RR'));
Insert into DBAUSER1.FACTURA (ID_FACTURA,FECHA_FACTURA,NUM_PACIENTE,FECHA_ADMISION,FECHA_ALTA) values ('54',to_date('27/01/17','DD/MM/RR'),'1111111124',to_date('25/04/17','DD/MM/RR'),to_date('29/07/17','DD/MM/RR'));
Insert into DBAUSER1.FACTURA (ID_FACTURA,FECHA_FACTURA,NUM_PACIENTE,FECHA_ADMISION,FECHA_ALTA) values ('55',to_date('23/04/17','DD/MM/RR'),'1111111125',to_date('05/09/17','DD/MM/RR'),to_date('10/06/17','DD/MM/RR'));
Insert into DBAUSER1.FACTURA (ID_FACTURA,FECHA_FACTURA,NUM_PACIENTE,FECHA_ADMISION,FECHA_ALTA) values ('56',to_date('20/01/17','DD/MM/RR'),'1111111124',to_date('06/01/17','DD/MM/RR'),to_date('31/12/16','DD/MM/RR'));
Insert into DBAUSER1.FACTURA (ID_FACTURA,FECHA_FACTURA,NUM_PACIENTE,FECHA_ADMISION,FECHA_ALTA) values ('57',to_date('04/08/17','DD/MM/RR'),'1111111114',to_date('02/04/17','DD/MM/RR'),to_date('04/07/17','DD/MM/RR'));
Insert into DBAUSER1.FACTURA (ID_FACTURA,FECHA_FACTURA,NUM_PACIENTE,FECHA_ADMISION,FECHA_ALTA) values ('58',to_date('22/12/16','DD/MM/RR'),'1111111125',to_date('30/05/17','DD/MM/RR'),to_date('22/01/17','DD/MM/RR'));
Insert into DBAUSER1.FACTURA (ID_FACTURA,FECHA_FACTURA,NUM_PACIENTE,FECHA_ADMISION,FECHA_ALTA) values ('59',to_date('14/12/16','DD/MM/RR'),'1111111116',to_date('12/02/17','DD/MM/RR'),to_date('01/06/17','DD/MM/RR'));
Insert into DBAUSER1.FACTURA (ID_FACTURA,FECHA_FACTURA,NUM_PACIENTE,FECHA_ADMISION,FECHA_ALTA) values ('60',to_date('27/11/17','DD/MM/RR'),'1111111116',to_date('22/03/17','DD/MM/RR'),to_date('24/10/17','DD/MM/RR'));
Insert into DBAUSER1.FACTURA (ID_FACTURA,FECHA_FACTURA,NUM_PACIENTE,FECHA_ADMISION,FECHA_ALTA) values ('61',to_date('10/11/17','DD/MM/RR'),'1111111114',to_date('06/07/17','DD/MM/RR'),to_date('27/06/17','DD/MM/RR'));
Insert into DBAUSER1.FACTURA (ID_FACTURA,FECHA_FACTURA,NUM_PACIENTE,FECHA_ADMISION,FECHA_ALTA) values ('62',to_date('09/04/17','DD/MM/RR'),'1111111117',to_date('16/11/16','DD/MM/RR'),to_date('27/11/16','DD/MM/RR'));
Insert into DBAUSER1.FACTURA (ID_FACTURA,FECHA_FACTURA,NUM_PACIENTE,FECHA_ADMISION,FECHA_ALTA) values ('63',to_date('22/03/17','DD/MM/RR'),'1111111127',to_date('24/01/17','DD/MM/RR'),to_date('19/11/16','DD/MM/RR'));
Insert into DBAUSER1.FACTURA (ID_FACTURA,FECHA_FACTURA,NUM_PACIENTE,FECHA_ADMISION,FECHA_ALTA) values ('64',to_date('01/06/17','DD/MM/RR'),'1111111119',to_date('11/05/17','DD/MM/RR'),to_date('12/06/17','DD/MM/RR'));
Insert into DBAUSER1.FACTURA (ID_FACTURA,FECHA_FACTURA,NUM_PACIENTE,FECHA_ADMISION,FECHA_ALTA) values ('65',to_date('05/07/17','DD/MM/RR'),'1111111116',to_date('28/09/17','DD/MM/RR'),to_date('16/10/17','DD/MM/RR'));
Insert into DBAUSER1.FACTURA (ID_FACTURA,FECHA_FACTURA,NUM_PACIENTE,FECHA_ADMISION,FECHA_ALTA) values ('66',to_date('20/12/16','DD/MM/RR'),'1111111125',to_date('09/02/17','DD/MM/RR'),to_date('18/05/17','DD/MM/RR'));
Insert into DBAUSER1.FACTURA (ID_FACTURA,FECHA_FACTURA,NUM_PACIENTE,FECHA_ADMISION,FECHA_ALTA) values ('67',to_date('07/04/17','DD/MM/RR'),'1111111123',to_date('02/07/17','DD/MM/RR'),to_date('23/05/17','DD/MM/RR'));
Insert into DBAUSER1.FACTURA (ID_FACTURA,FECHA_FACTURA,NUM_PACIENTE,FECHA_ADMISION,FECHA_ALTA) values ('68',to_date('05/12/16','DD/MM/RR'),'1111111113',to_date('07/03/17','DD/MM/RR'),to_date('13/11/16','DD/MM/RR'));
Insert into DBAUSER1.FACTURA (ID_FACTURA,FECHA_FACTURA,NUM_PACIENTE,FECHA_ADMISION,FECHA_ALTA) values ('69',to_date('07/03/17','DD/MM/RR'),'1111111120',to_date('17/08/17','DD/MM/RR'),to_date('26/10/17','DD/MM/RR'));
Insert into DBAUSER1.FACTURA (ID_FACTURA,FECHA_FACTURA,NUM_PACIENTE,FECHA_ADMISION,FECHA_ALTA) values ('70',to_date('20/01/17','DD/MM/RR'),'1111111114',to_date('07/05/17','DD/MM/RR'),to_date('17/02/17','DD/MM/RR'));
Insert into DBAUSER1.FACTURA (ID_FACTURA,FECHA_FACTURA,NUM_PACIENTE,FECHA_ADMISION,FECHA_ALTA) values ('71',to_date('26/03/17','DD/MM/RR'),'1111111117',to_date('21/05/17','DD/MM/RR'),to_date('20/11/16','DD/MM/RR'));
Insert into DBAUSER1.FACTURA (ID_FACTURA,FECHA_FACTURA,NUM_PACIENTE,FECHA_ADMISION,FECHA_ALTA) values ('72',to_date('07/11/17','DD/MM/RR'),'1111111114',to_date('25/10/17','DD/MM/RR'),to_date('07/12/16','DD/MM/RR'));
Insert into DBAUSER1.FACTURA (ID_FACTURA,FECHA_FACTURA,NUM_PACIENTE,FECHA_ADMISION,FECHA_ALTA) values ('73',to_date('18/01/17','DD/MM/RR'),'1111111122',to_date('21/12/16','DD/MM/RR'),to_date('11/01/17','DD/MM/RR'));
Insert into DBAUSER1.FACTURA (ID_FACTURA,FECHA_FACTURA,NUM_PACIENTE,FECHA_ADMISION,FECHA_ALTA) values ('74',to_date('01/08/17','DD/MM/RR'),'1111111111',to_date('08/07/17','DD/MM/RR'),to_date('26/04/17','DD/MM/RR'));
Insert into DBAUSER1.FACTURA (ID_FACTURA,FECHA_FACTURA,NUM_PACIENTE,FECHA_ADMISION,FECHA_ALTA) values ('75',to_date('20/12/16','DD/MM/RR'),'1111111114',to_date('08/07/17','DD/MM/RR'),to_date('01/01/17','DD/MM/RR'));
Insert into DBAUSER1.FACTURA (ID_FACTURA,FECHA_FACTURA,NUM_PACIENTE,FECHA_ADMISION,FECHA_ALTA) values ('76',to_date('27/04/17','DD/MM/RR'),'1111111129',to_date('11/12/16','DD/MM/RR'),to_date('13/08/17','DD/MM/RR'));
Insert into DBAUSER1.FACTURA (ID_FACTURA,FECHA_FACTURA,NUM_PACIENTE,FECHA_ADMISION,FECHA_ALTA) values ('77',to_date('24/01/17','DD/MM/RR'),'1111111120',to_date('07/10/17','DD/MM/RR'),to_date('12/03/17','DD/MM/RR'));
Insert into DBAUSER1.FACTURA (ID_FACTURA,FECHA_FACTURA,NUM_PACIENTE,FECHA_ADMISION,FECHA_ALTA) values ('78',to_date('09/07/17','DD/MM/RR'),'1111111127',to_date('19/03/17','DD/MM/RR'),to_date('23/11/17','DD/MM/RR'));
Insert into DBAUSER1.FACTURA (ID_FACTURA,FECHA_FACTURA,NUM_PACIENTE,FECHA_ADMISION,FECHA_ALTA) values ('79',to_date('22/01/17','DD/MM/RR'),'1111111117',to_date('27/12/16','DD/MM/RR'),to_date('07/04/17','DD/MM/RR'));
Insert into DBAUSER1.FACTURA (ID_FACTURA,FECHA_FACTURA,NUM_PACIENTE,FECHA_ADMISION,FECHA_ALTA) values ('80',to_date('06/02/17','DD/MM/RR'),'1111111129',to_date('07/03/17','DD/MM/RR'),to_date('29/03/17','DD/MM/RR'));
Insert into DBAUSER1.FACTURA (ID_FACTURA,FECHA_FACTURA,NUM_PACIENTE,FECHA_ADMISION,FECHA_ALTA) values ('81',to_date('29/03/17','DD/MM/RR'),'1111111115',to_date('19/08/17','DD/MM/RR'),to_date('03/04/17','DD/MM/RR'));
Insert into DBAUSER1.FACTURA (ID_FACTURA,FECHA_FACTURA,NUM_PACIENTE,FECHA_ADMISION,FECHA_ALTA) values ('82',to_date('06/08/17','DD/MM/RR'),'1111111120',to_date('28/02/17','DD/MM/RR'),to_date('21/11/17','DD/MM/RR'));
Insert into DBAUSER1.FACTURA (ID_FACTURA,FECHA_FACTURA,NUM_PACIENTE,FECHA_ADMISION,FECHA_ALTA) values ('83',to_date('12/03/17','DD/MM/RR'),'1111111128',to_date('07/10/17','DD/MM/RR'),to_date('01/02/17','DD/MM/RR'));
Insert into DBAUSER1.FACTURA (ID_FACTURA,FECHA_FACTURA,NUM_PACIENTE,FECHA_ADMISION,FECHA_ALTA) values ('84',to_date('12/09/17','DD/MM/RR'),'1111111118',to_date('21/01/17','DD/MM/RR'),to_date('20/01/17','DD/MM/RR'));
Insert into DBAUSER1.FACTURA (ID_FACTURA,FECHA_FACTURA,NUM_PACIENTE,FECHA_ADMISION,FECHA_ALTA) values ('85',to_date('16/01/17','DD/MM/RR'),'1111111118',to_date('01/12/16','DD/MM/RR'),to_date('09/07/17','DD/MM/RR'));
Insert into DBAUSER1.FACTURA (ID_FACTURA,FECHA_FACTURA,NUM_PACIENTE,FECHA_ADMISION,FECHA_ALTA) values ('86',to_date('21/09/17','DD/MM/RR'),'1111111113',to_date('09/02/17','DD/MM/RR'),to_date('20/11/17','DD/MM/RR'));
Insert into DBAUSER1.FACTURA (ID_FACTURA,FECHA_FACTURA,NUM_PACIENTE,FECHA_ADMISION,FECHA_ALTA) values ('87',to_date('27/11/17','DD/MM/RR'),'1111111117',to_date('10/05/17','DD/MM/RR'),to_date('03/02/17','DD/MM/RR'));
Insert into DBAUSER1.FACTURA (ID_FACTURA,FECHA_FACTURA,NUM_PACIENTE,FECHA_ADMISION,FECHA_ALTA) values ('88',to_date('08/09/17','DD/MM/RR'),'1111111130',to_date('17/11/17','DD/MM/RR'),to_date('04/03/17','DD/MM/RR'));
Insert into DBAUSER1.FACTURA (ID_FACTURA,FECHA_FACTURA,NUM_PACIENTE,FECHA_ADMISION,FECHA_ALTA) values ('89',to_date('26/09/17','DD/MM/RR'),'1111111119',to_date('07/04/17','DD/MM/RR'),to_date('07/08/17','DD/MM/RR'));
Insert into DBAUSER1.FACTURA (ID_FACTURA,FECHA_FACTURA,NUM_PACIENTE,FECHA_ADMISION,FECHA_ALTA) values ('90',to_date('17/07/17','DD/MM/RR'),'1111111118',to_date('16/02/17','DD/MM/RR'),to_date('28/03/17','DD/MM/RR'));
Insert into DBAUSER1.FACTURA (ID_FACTURA,FECHA_FACTURA,NUM_PACIENTE,FECHA_ADMISION,FECHA_ALTA) values ('91',to_date('25/11/17','DD/MM/RR'),'1111111116',to_date('29/03/17','DD/MM/RR'),to_date('24/05/17','DD/MM/RR'));
Insert into DBAUSER1.FACTURA (ID_FACTURA,FECHA_FACTURA,NUM_PACIENTE,FECHA_ADMISION,FECHA_ALTA) values ('92',to_date('30/11/17','DD/MM/RR'),'1111111113',to_date('21/08/17','DD/MM/RR'),to_date('05/12/16','DD/MM/RR'));
Insert into DBAUSER1.FACTURA (ID_FACTURA,FECHA_FACTURA,NUM_PACIENTE,FECHA_ADMISION,FECHA_ALTA) values ('93',to_date('20/11/16','DD/MM/RR'),'1111111124',to_date('04/07/17','DD/MM/RR'),to_date('10/02/17','DD/MM/RR'));
Insert into DBAUSER1.FACTURA (ID_FACTURA,FECHA_FACTURA,NUM_PACIENTE,FECHA_ADMISION,FECHA_ALTA) values ('94',to_date('26/06/17','DD/MM/RR'),'1111111129',to_date('26/01/17','DD/MM/RR'),to_date('29/01/17','DD/MM/RR'));
Insert into DBAUSER1.FACTURA (ID_FACTURA,FECHA_FACTURA,NUM_PACIENTE,FECHA_ADMISION,FECHA_ALTA) values ('95',to_date('04/04/17','DD/MM/RR'),'1111111120',to_date('24/07/17','DD/MM/RR'),to_date('04/07/17','DD/MM/RR'));
Insert into DBAUSER1.FACTURA (ID_FACTURA,FECHA_FACTURA,NUM_PACIENTE,FECHA_ADMISION,FECHA_ALTA) values ('96',to_date('21/05/17','DD/MM/RR'),'1111111123',to_date('20/02/17','DD/MM/RR'),to_date('22/01/17','DD/MM/RR'));
Insert into DBAUSER1.FACTURA (ID_FACTURA,FECHA_FACTURA,NUM_PACIENTE,FECHA_ADMISION,FECHA_ALTA) values ('97',to_date('19/02/17','DD/MM/RR'),'1111111111',to_date('26/03/17','DD/MM/RR'),to_date('18/11/17','DD/MM/RR'));
Insert into DBAUSER1.FACTURA (ID_FACTURA,FECHA_FACTURA,NUM_PACIENTE,FECHA_ADMISION,FECHA_ALTA) values ('98',to_date('25/05/17','DD/MM/RR'),'1111111120',to_date('27/07/17','DD/MM/RR'),to_date('04/11/17','DD/MM/RR'));
Insert into DBAUSER1.FACTURA (ID_FACTURA,FECHA_FACTURA,NUM_PACIENTE,FECHA_ADMISION,FECHA_ALTA) values ('99',to_date('14/08/17','DD/MM/RR'),'1111111123',to_date('17/12/16','DD/MM/RR'),to_date('19/10/17','DD/MM/RR'));
Insert into DBAUSER1.FACTURA (ID_FACTURA,FECHA_FACTURA,NUM_PACIENTE,FECHA_ADMISION,FECHA_ALTA) values ('100',to_date('13/09/17','DD/MM/RR'),'1111111130',to_date('11/02/17','DD/MM/RR'),to_date('21/11/16','DD/MM/RR'));
REM INSERTING into DBAUSER1.PACIENTE
SET DEFINE OFF;
Insert into DBAUSER1.PACIENTE (NUM_PACIENTE,NOMBRE_PACIENTE,DIRECCION_PACIENTE,ID_CIUDAD) values ('1111111111','MacKensie Z. Randall','998-5707 Morbi Road','3');
Insert into DBAUSER1.PACIENTE (NUM_PACIENTE,NOMBRE_PACIENTE,DIRECCION_PACIENTE,ID_CIUDAD) values ('1111111112','Norman P. Holmes','1028 Lacus, Street','3');
Insert into DBAUSER1.PACIENTE (NUM_PACIENTE,NOMBRE_PACIENTE,DIRECCION_PACIENTE,ID_CIUDAD) values ('1111111113','Xavier X. Whitney','P.O. Box 145, 3294 Pellentesque Street','5');
Insert into DBAUSER1.PACIENTE (NUM_PACIENTE,NOMBRE_PACIENTE,DIRECCION_PACIENTE,ID_CIUDAD) values ('1111111114','Burke L. Sykes','Ap #615-2234 Fringilla Avenue','5');
Insert into DBAUSER1.PACIENTE (NUM_PACIENTE,NOMBRE_PACIENTE,DIRECCION_PACIENTE,ID_CIUDAD) values ('1111111115','Anthony O. Potts','8366 Aliquam Road','2');
Insert into DBAUSER1.PACIENTE (NUM_PACIENTE,NOMBRE_PACIENTE,DIRECCION_PACIENTE,ID_CIUDAD) values ('1111111116','Veronica K. Puckett','8855 Nulla Road','4');
Insert into DBAUSER1.PACIENTE (NUM_PACIENTE,NOMBRE_PACIENTE,DIRECCION_PACIENTE,ID_CIUDAD) values ('1111111117','Avram Stephens','P.O. Box 774, 8646 Tempus St.','2');
Insert into DBAUSER1.PACIENTE (NUM_PACIENTE,NOMBRE_PACIENTE,DIRECCION_PACIENTE,ID_CIUDAD) values ('1111111118','Portia T. Farley','6106 Dictum Rd.','3');
Insert into DBAUSER1.PACIENTE (NUM_PACIENTE,NOMBRE_PACIENTE,DIRECCION_PACIENTE,ID_CIUDAD) values ('1111111119','Rae G. Abbott','P.O. Box 899, 9007 Ac Rd.','2');
Insert into DBAUSER1.PACIENTE (NUM_PACIENTE,NOMBRE_PACIENTE,DIRECCION_PACIENTE,ID_CIUDAD) values ('1111111120','Bree Bartlett','Ap #816-3163 Ac Avenue','2');
Insert into DBAUSER1.PACIENTE (NUM_PACIENTE,NOMBRE_PACIENTE,DIRECCION_PACIENTE,ID_CIUDAD) values ('1111111121','Vaughan H. Kerr','751-2070 Semper Rd.','3');
Insert into DBAUSER1.PACIENTE (NUM_PACIENTE,NOMBRE_PACIENTE,DIRECCION_PACIENTE,ID_CIUDAD) values ('1111111122','Gisela Lancaster','156-7399 Ullamcorper, Rd.','5');
Insert into DBAUSER1.PACIENTE (NUM_PACIENTE,NOMBRE_PACIENTE,DIRECCION_PACIENTE,ID_CIUDAD) values ('1111111123','Beck M. Anderson','P.O. Box 453, 8935 Posuere Rd.','4');
Insert into DBAUSER1.PACIENTE (NUM_PACIENTE,NOMBRE_PACIENTE,DIRECCION_PACIENTE,ID_CIUDAD) values ('1111111124','Heidi Nolan','Ap #514-700 Tempor Rd.','1');
Insert into DBAUSER1.PACIENTE (NUM_PACIENTE,NOMBRE_PACIENTE,DIRECCION_PACIENTE,ID_CIUDAD) values ('1111111125','Charles Mcbride','465-8013 Vestibulum Road','2');
Insert into DBAUSER1.PACIENTE (NUM_PACIENTE,NOMBRE_PACIENTE,DIRECCION_PACIENTE,ID_CIUDAD) values ('1111111126','Tana F. Miranda','P.O. Box 122, 5675 Metus Rd.','3');
Insert into DBAUSER1.PACIENTE (NUM_PACIENTE,NOMBRE_PACIENTE,DIRECCION_PACIENTE,ID_CIUDAD) values ('1111111127','Claire H. Horn','508-291 Cursus Av.','3');
Insert into DBAUSER1.PACIENTE (NUM_PACIENTE,NOMBRE_PACIENTE,DIRECCION_PACIENTE,ID_CIUDAD) values ('1111111128','Nelle C. Mendez','P.O. Box 988, 2749 Id, Ave','5');
Insert into DBAUSER1.PACIENTE (NUM_PACIENTE,NOMBRE_PACIENTE,DIRECCION_PACIENTE,ID_CIUDAD) values ('1111111129','Kyla D. Logan','Ap #796-4056 A, St.','1');
Insert into DBAUSER1.PACIENTE (NUM_PACIENTE,NOMBRE_PACIENTE,DIRECCION_PACIENTE,ID_CIUDAD) values ('1111111130','Giacomo V. Simpson','591-4393 Gravida. Street','1');
REM INSERTING into DBAUSER1.PRODUCTO
SET DEFINE OFF;
Insert into DBAUSER1.PRODUCTO (ID_PRODUCTO,NOMBRE_PRODUCTO,PRECIO,ID_CENTRO_COSTOS,UNIDADES_DISPONIBLES) values ('1','HEMOGRAMA','16068,38','2','10');
Insert into DBAUSER1.PRODUCTO (ID_PRODUCTO,NOMBRE_PRODUCTO,PRECIO,ID_CENTRO_COSTOS,UNIDADES_DISPONIBLES) values ('2','CREATININA','19282,05','2','10');
Insert into DBAUSER1.PRODUCTO (ID_PRODUCTO,NOMBRE_PRODUCTO,PRECIO,ID_CENTRO_COSTOS,UNIDADES_DISPONIBLES) values ('3','HEMOGLOBINA','20353,28','2','10');
Insert into DBAUSER1.PRODUCTO (ID_PRODUCTO,NOMBRE_PRODUCTO,PRECIO,ID_CENTRO_COSTOS,UNIDADES_DISPONIBLES) values ('4','RADIOLOGIA DE EXTREMIDADES INFERIORES','48672','4','10');
Insert into DBAUSER1.PRODUCTO (ID_PRODUCTO,NOMBRE_PRODUCTO,PRECIO,ID_CENTRO_COSTOS,UNIDADES_DISPONIBLES) values ('5','RADIOLOGIA DE EXTREMIDADES SUPERIORES','48672','4','10');
Insert into DBAUSER1.PRODUCTO (ID_PRODUCTO,NOMBRE_PRODUCTO,PRECIO,ID_CENTRO_COSTOS,UNIDADES_DISPONIBLES) values ('6','RADIOLOGIA DE CRANEO','75712','4','10');
Insert into DBAUSER1.PRODUCTO (ID_PRODUCTO,NOMBRE_PRODUCTO,PRECIO,ID_CENTRO_COSTOS,UNIDADES_DISPONIBLES) values ('7','IMPLANTE MAMARIO','5500000','5','10');
Insert into DBAUSER1.PRODUCTO (ID_PRODUCTO,NOMBRE_PRODUCTO,PRECIO,ID_CENTRO_COSTOS,UNIDADES_DISPONIBLES) values ('8','IMPLANTE DE GLUTEOS','5000000','5','10');
Insert into DBAUSER1.PRODUCTO (ID_PRODUCTO,NOMBRE_PRODUCTO,PRECIO,ID_CENTRO_COSTOS,UNIDADES_DISPONIBLES) values ('9','ABDOMINOPLASTIA','6500000','5','10');
Insert into DBAUSER1.PRODUCTO (ID_PRODUCTO,NOMBRE_PRODUCTO,PRECIO,ID_CENTRO_COSTOS,UNIDADES_DISPONIBLES) values ('10','CONSULTA CON MEDICO GENERAL','45000','1','10');
Insert into DBAUSER1.PRODUCTO (ID_PRODUCTO,NOMBRE_PRODUCTO,PRECIO,ID_CENTRO_COSTOS,UNIDADES_DISPONIBLES) values ('11','CONSULTA CON ESPECIALISTA EN PEDIATRA','80000','1','10');
Insert into DBAUSER1.PRODUCTO (ID_PRODUCTO,NOMBRE_PRODUCTO,PRECIO,ID_CENTRO_COSTOS,UNIDADES_DISPONIBLES) values ('12','CONSULTA CON ESPECIALISTA EN ODONTOLOGIA','75000','1','10');
Insert into DBAUSER1.PRODUCTO (ID_PRODUCTO,NOMBRE_PRODUCTO,PRECIO,ID_CENTRO_COSTOS,UNIDADES_DISPONIBLES) values ('13','TELEVISION','208,08','3','10');
Insert into DBAUSER1.PRODUCTO (ID_PRODUCTO,NOMBRE_PRODUCTO,PRECIO,ID_CENTRO_COSTOS,UNIDADES_DISPONIBLES) values ('14','SEMI-PRV ROOM','5,2','3','10');
REM INSERTING into DBAUSER1.FACTURAPACIENTE
SET DEFINE OFF;
Insert into DBAUSER1.FACTURAPACIENTE (NUM_PACIENTE,NOMBRE_PACIENTE,DIRECCION_PACIENTE,FECHA_FACTURA,FECHA_ADMISION,FECHA_ALTA,ARTICULOS_HABITACIONYCOMIDA,TOTAL_HABITACIONYCOMIDA,ARTICULOS_LABORATORIO,TOTAL_LABORATORIO,ARTICULOS_RADIOLOGIA,TOTAL_RADIOLOGIA) values ('1111111127','Claire H. Horn','508-291 Cursus Av.',to_date('14/01/17','DD/MM/RR'),to_date('12/12/16','DD/MM/RR'),to_date('01/02/17','DD/MM/RR'),'1','208','1','19282','1','48672');
Insert into DBAUSER1.FACTURAPACIENTE (NUM_PACIENTE,NOMBRE_PACIENTE,DIRECCION_PACIENTE,FECHA_FACTURA,FECHA_ADMISION,FECHA_ALTA,ARTICULOS_HABITACIONYCOMIDA,TOTAL_HABITACIONYCOMIDA,ARTICULOS_LABORATORIO,TOTAL_LABORATORIO,ARTICULOS_RADIOLOGIA,TOTAL_RADIOLOGIA) values ('1111111127','Claire H. Horn','508-291 Cursus Av.',to_date('01/02/17','DD/MM/RR'),to_date('10/05/17','DD/MM/RR'),to_date('10/06/17','DD/MM/RR'),'1','208','1','19282','1','48672');
Insert into DBAUSER1.FACTURAPACIENTE (NUM_PACIENTE,NOMBRE_PACIENTE,DIRECCION_PACIENTE,FECHA_FACTURA,FECHA_ADMISION,FECHA_ALTA,ARTICULOS_HABITACIONYCOMIDA,TOTAL_HABITACIONYCOMIDA,ARTICULOS_LABORATORIO,TOTAL_LABORATORIO,ARTICULOS_RADIOLOGIA,TOTAL_RADIOLOGIA) values ('1111111115','Anthony O. Potts','8366 Aliquam Road',to_date('09/02/17','DD/MM/RR'),to_date('14/01/17','DD/MM/RR'),to_date('03/06/17','DD/MM/RR'),'1','208','1','19282','1','48672');
Insert into DBAUSER1.FACTURAPACIENTE (NUM_PACIENTE,NOMBRE_PACIENTE,DIRECCION_PACIENTE,FECHA_FACTURA,FECHA_ADMISION,FECHA_ALTA,ARTICULOS_HABITACIONYCOMIDA,TOTAL_HABITACIONYCOMIDA,ARTICULOS_LABORATORIO,TOTAL_LABORATORIO,ARTICULOS_RADIOLOGIA,TOTAL_RADIOLOGIA) values ('1111111114','Burke L. Sykes','Ap #615-2234 Fringilla Avenue',to_date('24/11/16','DD/MM/RR'),to_date('26/11/16','DD/MM/RR'),to_date('24/10/17','DD/MM/RR'),'1','208','1','19282','1','48672');
Insert into DBAUSER1.FACTURAPACIENTE (NUM_PACIENTE,NOMBRE_PACIENTE,DIRECCION_PACIENTE,FECHA_FACTURA,FECHA_ADMISION,FECHA_ALTA,ARTICULOS_HABITACIONYCOMIDA,TOTAL_HABITACIONYCOMIDA,ARTICULOS_LABORATORIO,TOTAL_LABORATORIO,ARTICULOS_RADIOLOGIA,TOTAL_RADIOLOGIA) values ('1111111121','Vaughan H. Kerr','751-2070 Semper Rd.',to_date('21/06/17','DD/MM/RR'),to_date('29/10/17','DD/MM/RR'),to_date('26/06/17','DD/MM/RR'),'1','208','1','19282','1','48672');
Insert into DBAUSER1.FACTURAPACIENTE (NUM_PACIENTE,NOMBRE_PACIENTE,DIRECCION_PACIENTE,FECHA_FACTURA,FECHA_ADMISION,FECHA_ALTA,ARTICULOS_HABITACIONYCOMIDA,TOTAL_HABITACIONYCOMIDA,ARTICULOS_LABORATORIO,TOTAL_LABORATORIO,ARTICULOS_RADIOLOGIA,TOTAL_RADIOLOGIA) values ('1111111122','Gisela Lancaster','156-7399 Ullamcorper, Rd.',to_date('10/01/17','DD/MM/RR'),to_date('29/04/17','DD/MM/RR'),to_date('20/10/17','DD/MM/RR'),'1','208','1','19282','1','48672');
Insert into DBAUSER1.FACTURAPACIENTE (NUM_PACIENTE,NOMBRE_PACIENTE,DIRECCION_PACIENTE,FECHA_FACTURA,FECHA_ADMISION,FECHA_ALTA,ARTICULOS_HABITACIONYCOMIDA,TOTAL_HABITACIONYCOMIDA,ARTICULOS_LABORATORIO,TOTAL_LABORATORIO,ARTICULOS_RADIOLOGIA,TOTAL_RADIOLOGIA) values ('1111111123','Beck M. Anderson','P.O. Box 453, 8935 Posuere Rd.',to_date('14/07/17','DD/MM/RR'),to_date('26/12/16','DD/MM/RR'),to_date('02/07/17','DD/MM/RR'),'1','208','1','19282','1','48672');
Insert into DBAUSER1.FACTURAPACIENTE (NUM_PACIENTE,NOMBRE_PACIENTE,DIRECCION_PACIENTE,FECHA_FACTURA,FECHA_ADMISION,FECHA_ALTA,ARTICULOS_HABITACIONYCOMIDA,TOTAL_HABITACIONYCOMIDA,ARTICULOS_LABORATORIO,TOTAL_LABORATORIO,ARTICULOS_RADIOLOGIA,TOTAL_RADIOLOGIA) values ('1111111119','Rae G. Abbott','P.O. Box 899, 9007 Ac Rd.',to_date('31/10/17','DD/MM/RR'),to_date('02/08/17','DD/MM/RR'),to_date('31/10/17','DD/MM/RR'),'1','208','1','19282','1','48672');
Insert into DBAUSER1.FACTURAPACIENTE (NUM_PACIENTE,NOMBRE_PACIENTE,DIRECCION_PACIENTE,FECHA_FACTURA,FECHA_ADMISION,FECHA_ALTA,ARTICULOS_HABITACIONYCOMIDA,TOTAL_HABITACIONYCOMIDA,ARTICULOS_LABORATORIO,TOTAL_LABORATORIO,ARTICULOS_RADIOLOGIA,TOTAL_RADIOLOGIA) values ('1111111119','Rae G. Abbott','P.O. Box 899, 9007 Ac Rd.',to_date('31/08/17','DD/MM/RR'),to_date('29/10/17','DD/MM/RR'),to_date('26/01/17','DD/MM/RR'),'1','208','1','19282','1','48672');
Insert into DBAUSER1.FACTURAPACIENTE (NUM_PACIENTE,NOMBRE_PACIENTE,DIRECCION_PACIENTE,FECHA_FACTURA,FECHA_ADMISION,FECHA_ALTA,ARTICULOS_HABITACIONYCOMIDA,TOTAL_HABITACIONYCOMIDA,ARTICULOS_LABORATORIO,TOTAL_LABORATORIO,ARTICULOS_RADIOLOGIA,TOTAL_RADIOLOGIA) values ('1111111129','Kyla D. Logan','Ap #796-4056 A, St.',to_date('12/10/17','DD/MM/RR'),to_date('22/10/17','DD/MM/RR'),to_date('18/04/17','DD/MM/RR'),'1','208','1','19282','1','48672');
Insert into DBAUSER1.FACTURAPACIENTE (NUM_PACIENTE,NOMBRE_PACIENTE,DIRECCION_PACIENTE,FECHA_FACTURA,FECHA_ADMISION,FECHA_ALTA,ARTICULOS_HABITACIONYCOMIDA,TOTAL_HABITACIONYCOMIDA,ARTICULOS_LABORATORIO,TOTAL_LABORATORIO,ARTICULOS_RADIOLOGIA,TOTAL_RADIOLOGIA) values ('1111111124','Heidi Nolan','Ap #514-700 Tempor Rd.',to_date('21/11/17','DD/MM/RR'),to_date('05/12/16','DD/MM/RR'),to_date('14/09/17','DD/MM/RR'),'1','208','1','19282','1','48672');
Insert into DBAUSER1.FACTURAPACIENTE (NUM_PACIENTE,NOMBRE_PACIENTE,DIRECCION_PACIENTE,FECHA_FACTURA,FECHA_ADMISION,FECHA_ALTA,ARTICULOS_HABITACIONYCOMIDA,TOTAL_HABITACIONYCOMIDA,ARTICULOS_LABORATORIO,TOTAL_LABORATORIO,ARTICULOS_RADIOLOGIA,TOTAL_RADIOLOGIA) values ('1111111125','Charles Mcbride','465-8013 Vestibulum Road',to_date('04/07/17','DD/MM/RR'),to_date('02/03/17','DD/MM/RR'),to_date('23/02/17','DD/MM/RR'),'1','208','1','19282','1','48672');
Insert into DBAUSER1.FACTURAPACIENTE (NUM_PACIENTE,NOMBRE_PACIENTE,DIRECCION_PACIENTE,FECHA_FACTURA,FECHA_ADMISION,FECHA_ALTA,ARTICULOS_HABITACIONYCOMIDA,TOTAL_HABITACIONYCOMIDA,ARTICULOS_LABORATORIO,TOTAL_LABORATORIO,ARTICULOS_RADIOLOGIA,TOTAL_RADIOLOGIA) values ('1111111120','Bree Bartlett','Ap #816-3163 Ac Avenue',to_date('21/03/17','DD/MM/RR'),to_date('02/02/17','DD/MM/RR'),to_date('18/01/17','DD/MM/RR'),'1','208','1','19282','1','48672');
Insert into DBAUSER1.FACTURAPACIENTE (NUM_PACIENTE,NOMBRE_PACIENTE,DIRECCION_PACIENTE,FECHA_FACTURA,FECHA_ADMISION,FECHA_ALTA,ARTICULOS_HABITACIONYCOMIDA,TOTAL_HABITACIONYCOMIDA,ARTICULOS_LABORATORIO,TOTAL_LABORATORIO,ARTICULOS_RADIOLOGIA,TOTAL_RADIOLOGIA) values ('1111111121','Vaughan H. Kerr','751-2070 Semper Rd.',to_date('20/01/17','DD/MM/RR'),to_date('01/07/17','DD/MM/RR'),to_date('11/11/17','DD/MM/RR'),'1','208','1','19282','1','48672');
Insert into DBAUSER1.FACTURAPACIENTE (NUM_PACIENTE,NOMBRE_PACIENTE,DIRECCION_PACIENTE,FECHA_FACTURA,FECHA_ADMISION,FECHA_ALTA,ARTICULOS_HABITACIONYCOMIDA,TOTAL_HABITACIONYCOMIDA,ARTICULOS_LABORATORIO,TOTAL_LABORATORIO,ARTICULOS_RADIOLOGIA,TOTAL_RADIOLOGIA) values ('1111111125','Charles Mcbride','465-8013 Vestibulum Road',to_date('27/12/16','DD/MM/RR'),to_date('29/11/16','DD/MM/RR'),to_date('23/07/17','DD/MM/RR'),'1','208','1','19282','1','48672');
Insert into DBAUSER1.FACTURAPACIENTE (NUM_PACIENTE,NOMBRE_PACIENTE,DIRECCION_PACIENTE,FECHA_FACTURA,FECHA_ADMISION,FECHA_ALTA,ARTICULOS_HABITACIONYCOMIDA,TOTAL_HABITACIONYCOMIDA,ARTICULOS_LABORATORIO,TOTAL_LABORATORIO,ARTICULOS_RADIOLOGIA,TOTAL_RADIOLOGIA) values ('1111111114','Burke L. Sykes','Ap #615-2234 Fringilla Avenue',to_date('22/04/17','DD/MM/RR'),to_date('27/03/17','DD/MM/RR'),to_date('12/12/16','DD/MM/RR'),'1','208','1','19282','1','48672');
Insert into DBAUSER1.FACTURAPACIENTE (NUM_PACIENTE,NOMBRE_PACIENTE,DIRECCION_PACIENTE,FECHA_FACTURA,FECHA_ADMISION,FECHA_ALTA,ARTICULOS_HABITACIONYCOMIDA,TOTAL_HABITACIONYCOMIDA,ARTICULOS_LABORATORIO,TOTAL_LABORATORIO,ARTICULOS_RADIOLOGIA,TOTAL_RADIOLOGIA) values ('1111111127','Claire H. Horn','508-291 Cursus Av.',to_date('07/08/17','DD/MM/RR'),to_date('06/04/17','DD/MM/RR'),to_date('04/01/17','DD/MM/RR'),'1','208','1','19282','1','48672');
Insert into DBAUSER1.FACTURAPACIENTE (NUM_PACIENTE,NOMBRE_PACIENTE,DIRECCION_PACIENTE,FECHA_FACTURA,FECHA_ADMISION,FECHA_ALTA,ARTICULOS_HABITACIONYCOMIDA,TOTAL_HABITACIONYCOMIDA,ARTICULOS_LABORATORIO,TOTAL_LABORATORIO,ARTICULOS_RADIOLOGIA,TOTAL_RADIOLOGIA) values ('1111111116','Veronica K. Puckett','8855 Nulla Road',to_date('28/05/17','DD/MM/RR'),to_date('19/11/16','DD/MM/RR'),to_date('07/04/17','DD/MM/RR'),'1','208','1','19282','1','48672');
Insert into DBAUSER1.FACTURAPACIENTE (NUM_PACIENTE,NOMBRE_PACIENTE,DIRECCION_PACIENTE,FECHA_FACTURA,FECHA_ADMISION,FECHA_ALTA,ARTICULOS_HABITACIONYCOMIDA,TOTAL_HABITACIONYCOMIDA,ARTICULOS_LABORATORIO,TOTAL_LABORATORIO,ARTICULOS_RADIOLOGIA,TOTAL_RADIOLOGIA) values ('1111111127','Claire H. Horn','508-291 Cursus Av.',to_date('14/05/17','DD/MM/RR'),to_date('27/12/16','DD/MM/RR'),to_date('13/05/17','DD/MM/RR'),'1','208','1','19282','1','48672');
Insert into DBAUSER1.FACTURAPACIENTE (NUM_PACIENTE,NOMBRE_PACIENTE,DIRECCION_PACIENTE,FECHA_FACTURA,FECHA_ADMISION,FECHA_ALTA,ARTICULOS_HABITACIONYCOMIDA,TOTAL_HABITACIONYCOMIDA,ARTICULOS_LABORATORIO,TOTAL_LABORATORIO,ARTICULOS_RADIOLOGIA,TOTAL_RADIOLOGIA) values ('1111111126','Tana F. Miranda','P.O. Box 122, 5675 Metus Rd.',to_date('12/06/17','DD/MM/RR'),to_date('23/08/17','DD/MM/RR'),to_date('06/04/17','DD/MM/RR'),'1','208','1','19282','1','48672');
Insert into DBAUSER1.FACTURAPACIENTE (NUM_PACIENTE,NOMBRE_PACIENTE,DIRECCION_PACIENTE,FECHA_FACTURA,FECHA_ADMISION,FECHA_ALTA,ARTICULOS_HABITACIONYCOMIDA,TOTAL_HABITACIONYCOMIDA,ARTICULOS_LABORATORIO,TOTAL_LABORATORIO,ARTICULOS_RADIOLOGIA,TOTAL_RADIOLOGIA) values ('1111111118','Portia T. Farley','6106 Dictum Rd.',to_date('04/01/17','DD/MM/RR'),to_date('26/09/17','DD/MM/RR'),to_date('01/08/17','DD/MM/RR'),'1','208','1','19282','1','48672');
Insert into DBAUSER1.FACTURAPACIENTE (NUM_PACIENTE,NOMBRE_PACIENTE,DIRECCION_PACIENTE,FECHA_FACTURA,FECHA_ADMISION,FECHA_ALTA,ARTICULOS_HABITACIONYCOMIDA,TOTAL_HABITACIONYCOMIDA,ARTICULOS_LABORATORIO,TOTAL_LABORATORIO,ARTICULOS_RADIOLOGIA,TOTAL_RADIOLOGIA) values ('1111111122','Gisela Lancaster','156-7399 Ullamcorper, Rd.',to_date('10/04/17','DD/MM/RR'),to_date('05/03/17','DD/MM/RR'),to_date('19/06/17','DD/MM/RR'),'1','208','1','19282','1','48672');
Insert into DBAUSER1.FACTURAPACIENTE (NUM_PACIENTE,NOMBRE_PACIENTE,DIRECCION_PACIENTE,FECHA_FACTURA,FECHA_ADMISION,FECHA_ALTA,ARTICULOS_HABITACIONYCOMIDA,TOTAL_HABITACIONYCOMIDA,ARTICULOS_LABORATORIO,TOTAL_LABORATORIO,ARTICULOS_RADIOLOGIA,TOTAL_RADIOLOGIA) values ('1111111121','Vaughan H. Kerr','751-2070 Semper Rd.',to_date('01/10/17','DD/MM/RR'),to_date('14/05/17','DD/MM/RR'),to_date('13/11/16','DD/MM/RR'),'1','208','1','19282','1','48672');
Insert into DBAUSER1.FACTURAPACIENTE (NUM_PACIENTE,NOMBRE_PACIENTE,DIRECCION_PACIENTE,FECHA_FACTURA,FECHA_ADMISION,FECHA_ALTA,ARTICULOS_HABITACIONYCOMIDA,TOTAL_HABITACIONYCOMIDA,ARTICULOS_LABORATORIO,TOTAL_LABORATORIO,ARTICULOS_RADIOLOGIA,TOTAL_RADIOLOGIA) values ('1111111127','Claire H. Horn','508-291 Cursus Av.',to_date('12/10/17','DD/MM/RR'),to_date('04/11/17','DD/MM/RR'),to_date('20/12/16','DD/MM/RR'),'1','208','1','19282','1','48672');
Insert into DBAUSER1.FACTURAPACIENTE (NUM_PACIENTE,NOMBRE_PACIENTE,DIRECCION_PACIENTE,FECHA_FACTURA,FECHA_ADMISION,FECHA_ALTA,ARTICULOS_HABITACIONYCOMIDA,TOTAL_HABITACIONYCOMIDA,ARTICULOS_LABORATORIO,TOTAL_LABORATORIO,ARTICULOS_RADIOLOGIA,TOTAL_RADIOLOGIA) values ('1111111119','Rae G. Abbott','P.O. Box 899, 9007 Ac Rd.',to_date('04/11/17','DD/MM/RR'),to_date('27/06/17','DD/MM/RR'),to_date('18/02/17','DD/MM/RR'),'1','208','1','19282','1','48672');
Insert into DBAUSER1.FACTURAPACIENTE (NUM_PACIENTE,NOMBRE_PACIENTE,DIRECCION_PACIENTE,FECHA_FACTURA,FECHA_ADMISION,FECHA_ALTA,ARTICULOS_HABITACIONYCOMIDA,TOTAL_HABITACIONYCOMIDA,ARTICULOS_LABORATORIO,TOTAL_LABORATORIO,ARTICULOS_RADIOLOGIA,TOTAL_RADIOLOGIA) values ('1111111119','Rae G. Abbott','P.O. Box 899, 9007 Ac Rd.',to_date('11/10/17','DD/MM/RR'),to_date('09/09/17','DD/MM/RR'),to_date('03/03/17','DD/MM/RR'),'1','208','1','19282','1','48672');
Insert into DBAUSER1.FACTURAPACIENTE (NUM_PACIENTE,NOMBRE_PACIENTE,DIRECCION_PACIENTE,FECHA_FACTURA,FECHA_ADMISION,FECHA_ALTA,ARTICULOS_HABITACIONYCOMIDA,TOTAL_HABITACIONYCOMIDA,ARTICULOS_LABORATORIO,TOTAL_LABORATORIO,ARTICULOS_RADIOLOGIA,TOTAL_RADIOLOGIA) values ('1111111119','Rae G. Abbott','P.O. Box 899, 9007 Ac Rd.',to_date('24/03/17','DD/MM/RR'),to_date('12/10/17','DD/MM/RR'),to_date('23/11/17','DD/MM/RR'),'1','208','1','19282','1','48672');
Insert into DBAUSER1.FACTURAPACIENTE (NUM_PACIENTE,NOMBRE_PACIENTE,DIRECCION_PACIENTE,FECHA_FACTURA,FECHA_ADMISION,FECHA_ALTA,ARTICULOS_HABITACIONYCOMIDA,TOTAL_HABITACIONYCOMIDA,ARTICULOS_LABORATORIO,TOTAL_LABORATORIO,ARTICULOS_RADIOLOGIA,TOTAL_RADIOLOGIA) values ('1111111118','Portia T. Farley','6106 Dictum Rd.',to_date('14/12/16','DD/MM/RR'),to_date('28/01/17','DD/MM/RR'),to_date('06/03/17','DD/MM/RR'),'1','208','1','19282','1','48672');
Insert into DBAUSER1.FACTURAPACIENTE (NUM_PACIENTE,NOMBRE_PACIENTE,DIRECCION_PACIENTE,FECHA_FACTURA,FECHA_ADMISION,FECHA_ALTA,ARTICULOS_HABITACIONYCOMIDA,TOTAL_HABITACIONYCOMIDA,ARTICULOS_LABORATORIO,TOTAL_LABORATORIO,ARTICULOS_RADIOLOGIA,TOTAL_RADIOLOGIA) values ('1111111130','Giacomo V. Simpson','591-4393 Gravida. Street',to_date('08/02/17','DD/MM/RR'),to_date('21/10/17','DD/MM/RR'),to_date('20/06/17','DD/MM/RR'),'1','208','1','19282','1','48672');
Insert into DBAUSER1.FACTURAPACIENTE (NUM_PACIENTE,NOMBRE_PACIENTE,DIRECCION_PACIENTE,FECHA_FACTURA,FECHA_ADMISION,FECHA_ALTA,ARTICULOS_HABITACIONYCOMIDA,TOTAL_HABITACIONYCOMIDA,ARTICULOS_LABORATORIO,TOTAL_LABORATORIO,ARTICULOS_RADIOLOGIA,TOTAL_RADIOLOGIA) values ('1111111113','Xavier X. Whitney','P.O. Box 145, 3294 Pellentesque Street',to_date('16/01/17','DD/MM/RR'),to_date('13/06/17','DD/MM/RR'),to_date('23/11/17','DD/MM/RR'),'1','208','1','19282','1','48672');
Insert into DBAUSER1.FACTURAPACIENTE (NUM_PACIENTE,NOMBRE_PACIENTE,DIRECCION_PACIENTE,FECHA_FACTURA,FECHA_ADMISION,FECHA_ALTA,ARTICULOS_HABITACIONYCOMIDA,TOTAL_HABITACIONYCOMIDA,ARTICULOS_LABORATORIO,TOTAL_LABORATORIO,ARTICULOS_RADIOLOGIA,TOTAL_RADIOLOGIA) values ('1111111117','Avram Stephens','P.O. Box 774, 8646 Tempus St.',to_date('22/05/17','DD/MM/RR'),to_date('28/03/17','DD/MM/RR'),to_date('25/06/17','DD/MM/RR'),'1','208','1','19282','1','48672');
Insert into DBAUSER1.FACTURAPACIENTE (NUM_PACIENTE,NOMBRE_PACIENTE,DIRECCION_PACIENTE,FECHA_FACTURA,FECHA_ADMISION,FECHA_ALTA,ARTICULOS_HABITACIONYCOMIDA,TOTAL_HABITACIONYCOMIDA,ARTICULOS_LABORATORIO,TOTAL_LABORATORIO,ARTICULOS_RADIOLOGIA,TOTAL_RADIOLOGIA) values ('1111111118','Portia T. Farley','6106 Dictum Rd.',to_date('03/01/17','DD/MM/RR'),to_date('08/07/17','DD/MM/RR'),to_date('26/07/17','DD/MM/RR'),'1','208','1','19282','1','48672');
Insert into DBAUSER1.FACTURAPACIENTE (NUM_PACIENTE,NOMBRE_PACIENTE,DIRECCION_PACIENTE,FECHA_FACTURA,FECHA_ADMISION,FECHA_ALTA,ARTICULOS_HABITACIONYCOMIDA,TOTAL_HABITACIONYCOMIDA,ARTICULOS_LABORATORIO,TOTAL_LABORATORIO,ARTICULOS_RADIOLOGIA,TOTAL_RADIOLOGIA) values ('1111111117','Avram Stephens','P.O. Box 774, 8646 Tempus St.',to_date('25/11/17','DD/MM/RR'),to_date('08/12/16','DD/MM/RR'),to_date('26/12/16','DD/MM/RR'),'1','208','1','19282','1','48672');
Insert into DBAUSER1.FACTURAPACIENTE (NUM_PACIENTE,NOMBRE_PACIENTE,DIRECCION_PACIENTE,FECHA_FACTURA,FECHA_ADMISION,FECHA_ALTA,ARTICULOS_HABITACIONYCOMIDA,TOTAL_HABITACIONYCOMIDA,ARTICULOS_LABORATORIO,TOTAL_LABORATORIO,ARTICULOS_RADIOLOGIA,TOTAL_RADIOLOGIA) values ('1111111128','Nelle C. Mendez','P.O. Box 988, 2749 Id, Ave',to_date('03/05/17','DD/MM/RR'),to_date('24/01/17','DD/MM/RR'),to_date('12/06/17','DD/MM/RR'),'1','208','1','19282','1','48672');
Insert into DBAUSER1.FACTURAPACIENTE (NUM_PACIENTE,NOMBRE_PACIENTE,DIRECCION_PACIENTE,FECHA_FACTURA,FECHA_ADMISION,FECHA_ALTA,ARTICULOS_HABITACIONYCOMIDA,TOTAL_HABITACIONYCOMIDA,ARTICULOS_LABORATORIO,TOTAL_LABORATORIO,ARTICULOS_RADIOLOGIA,TOTAL_RADIOLOGIA) values ('1111111128','Nelle C. Mendez','P.O. Box 988, 2749 Id, Ave',to_date('05/01/17','DD/MM/RR'),to_date('22/01/17','DD/MM/RR'),to_date('04/11/17','DD/MM/RR'),'1','208','1','19282','1','48672');
Insert into DBAUSER1.FACTURAPACIENTE (NUM_PACIENTE,NOMBRE_PACIENTE,DIRECCION_PACIENTE,FECHA_FACTURA,FECHA_ADMISION,FECHA_ALTA,ARTICULOS_HABITACIONYCOMIDA,TOTAL_HABITACIONYCOMIDA,ARTICULOS_LABORATORIO,TOTAL_LABORATORIO,ARTICULOS_RADIOLOGIA,TOTAL_RADIOLOGIA) values ('1111111129','Kyla D. Logan','Ap #796-4056 A, St.',to_date('04/07/17','DD/MM/RR'),to_date('10/07/17','DD/MM/RR'),to_date('30/12/16','DD/MM/RR'),'1','208','1','19282','1','48672');
Insert into DBAUSER1.FACTURAPACIENTE (NUM_PACIENTE,NOMBRE_PACIENTE,DIRECCION_PACIENTE,FECHA_FACTURA,FECHA_ADMISION,FECHA_ALTA,ARTICULOS_HABITACIONYCOMIDA,TOTAL_HABITACIONYCOMIDA,ARTICULOS_LABORATORIO,TOTAL_LABORATORIO,ARTICULOS_RADIOLOGIA,TOTAL_RADIOLOGIA) values ('1111111112','Norman P. Holmes','1028 Lacus, Street',to_date('29/04/17','DD/MM/RR'),to_date('22/08/17','DD/MM/RR'),to_date('15/01/17','DD/MM/RR'),'1','208','1','19282','1','48672');
Insert into DBAUSER1.FACTURAPACIENTE (NUM_PACIENTE,NOMBRE_PACIENTE,DIRECCION_PACIENTE,FECHA_FACTURA,FECHA_ADMISION,FECHA_ALTA,ARTICULOS_HABITACIONYCOMIDA,TOTAL_HABITACIONYCOMIDA,ARTICULOS_LABORATORIO,TOTAL_LABORATORIO,ARTICULOS_RADIOLOGIA,TOTAL_RADIOLOGIA) values ('1111111115','Anthony O. Potts','8366 Aliquam Road',to_date('02/08/17','DD/MM/RR'),to_date('10/10/17','DD/MM/RR'),to_date('03/10/17','DD/MM/RR'),'1','208','1','19282','1','48672');
Insert into DBAUSER1.FACTURAPACIENTE (NUM_PACIENTE,NOMBRE_PACIENTE,DIRECCION_PACIENTE,FECHA_FACTURA,FECHA_ADMISION,FECHA_ALTA,ARTICULOS_HABITACIONYCOMIDA,TOTAL_HABITACIONYCOMIDA,ARTICULOS_LABORATORIO,TOTAL_LABORATORIO,ARTICULOS_RADIOLOGIA,TOTAL_RADIOLOGIA) values ('1111111121','Vaughan H. Kerr','751-2070 Semper Rd.',to_date('22/08/17','DD/MM/RR'),to_date('18/08/17','DD/MM/RR'),to_date('16/04/17','DD/MM/RR'),'1','208','1','19282','1','48672');
Insert into DBAUSER1.FACTURAPACIENTE (NUM_PACIENTE,NOMBRE_PACIENTE,DIRECCION_PACIENTE,FECHA_FACTURA,FECHA_ADMISION,FECHA_ALTA,ARTICULOS_HABITACIONYCOMIDA,TOTAL_HABITACIONYCOMIDA,ARTICULOS_LABORATORIO,TOTAL_LABORATORIO,ARTICULOS_RADIOLOGIA,TOTAL_RADIOLOGIA) values ('1111111130','Giacomo V. Simpson','591-4393 Gravida. Street',to_date('07/12/16','DD/MM/RR'),to_date('02/02/17','DD/MM/RR'),to_date('24/04/17','DD/MM/RR'),'1','208','1','19282','1','48672');
Insert into DBAUSER1.FACTURAPACIENTE (NUM_PACIENTE,NOMBRE_PACIENTE,DIRECCION_PACIENTE,FECHA_FACTURA,FECHA_ADMISION,FECHA_ALTA,ARTICULOS_HABITACIONYCOMIDA,TOTAL_HABITACIONYCOMIDA,ARTICULOS_LABORATORIO,TOTAL_LABORATORIO,ARTICULOS_RADIOLOGIA,TOTAL_RADIOLOGIA) values ('1111111114','Burke L. Sykes','Ap #615-2234 Fringilla Avenue',to_date('11/10/17','DD/MM/RR'),to_date('18/04/17','DD/MM/RR'),to_date('15/01/17','DD/MM/RR'),'1','208','1','19282','1','48672');
Insert into DBAUSER1.FACTURAPACIENTE (NUM_PACIENTE,NOMBRE_PACIENTE,DIRECCION_PACIENTE,FECHA_FACTURA,FECHA_ADMISION,FECHA_ALTA,ARTICULOS_HABITACIONYCOMIDA,TOTAL_HABITACIONYCOMIDA,ARTICULOS_LABORATORIO,TOTAL_LABORATORIO,ARTICULOS_RADIOLOGIA,TOTAL_RADIOLOGIA) values ('1111111117','Avram Stephens','P.O. Box 774, 8646 Tempus St.',to_date('13/09/17','DD/MM/RR'),to_date('06/06/17','DD/MM/RR'),to_date('19/04/17','DD/MM/RR'),'1','208','1','19282','1','48672');
Insert into DBAUSER1.FACTURAPACIENTE (NUM_PACIENTE,NOMBRE_PACIENTE,DIRECCION_PACIENTE,FECHA_FACTURA,FECHA_ADMISION,FECHA_ALTA,ARTICULOS_HABITACIONYCOMIDA,TOTAL_HABITACIONYCOMIDA,ARTICULOS_LABORATORIO,TOTAL_LABORATORIO,ARTICULOS_RADIOLOGIA,TOTAL_RADIOLOGIA) values ('1111111129','Kyla D. Logan','Ap #796-4056 A, St.',to_date('26/09/17','DD/MM/RR'),to_date('26/11/16','DD/MM/RR'),to_date('29/07/17','DD/MM/RR'),'1','208','1','19282','1','48672');
Insert into DBAUSER1.FACTURAPACIENTE (NUM_PACIENTE,NOMBRE_PACIENTE,DIRECCION_PACIENTE,FECHA_FACTURA,FECHA_ADMISION,FECHA_ALTA,ARTICULOS_HABITACIONYCOMIDA,TOTAL_HABITACIONYCOMIDA,ARTICULOS_LABORATORIO,TOTAL_LABORATORIO,ARTICULOS_RADIOLOGIA,TOTAL_RADIOLOGIA) values ('1111111125','Charles Mcbride','465-8013 Vestibulum Road',to_date('10/11/17','DD/MM/RR'),to_date('27/07/17','DD/MM/RR'),to_date('31/08/17','DD/MM/RR'),'1','208','1','19282','1','48672');
Insert into DBAUSER1.FACTURAPACIENTE (NUM_PACIENTE,NOMBRE_PACIENTE,DIRECCION_PACIENTE,FECHA_FACTURA,FECHA_ADMISION,FECHA_ALTA,ARTICULOS_HABITACIONYCOMIDA,TOTAL_HABITACIONYCOMIDA,ARTICULOS_LABORATORIO,TOTAL_LABORATORIO,ARTICULOS_RADIOLOGIA,TOTAL_RADIOLOGIA) values ('1111111129','Kyla D. Logan','Ap #796-4056 A, St.',to_date('28/08/17','DD/MM/RR'),to_date('22/09/17','DD/MM/RR'),to_date('20/05/17','DD/MM/RR'),'1','208','1','19282','1','48672');
Insert into DBAUSER1.FACTURAPACIENTE (NUM_PACIENTE,NOMBRE_PACIENTE,DIRECCION_PACIENTE,FECHA_FACTURA,FECHA_ADMISION,FECHA_ALTA,ARTICULOS_HABITACIONYCOMIDA,TOTAL_HABITACIONYCOMIDA,ARTICULOS_LABORATORIO,TOTAL_LABORATORIO,ARTICULOS_RADIOLOGIA,TOTAL_RADIOLOGIA) values ('1111111118','Portia T. Farley','6106 Dictum Rd.',to_date('18/10/17','DD/MM/RR'),to_date('21/11/17','DD/MM/RR'),to_date('28/06/17','DD/MM/RR'),'1','208','1','19282','1','48672');
Insert into DBAUSER1.FACTURAPACIENTE (NUM_PACIENTE,NOMBRE_PACIENTE,DIRECCION_PACIENTE,FECHA_FACTURA,FECHA_ADMISION,FECHA_ALTA,ARTICULOS_HABITACIONYCOMIDA,TOTAL_HABITACIONYCOMIDA,ARTICULOS_LABORATORIO,TOTAL_LABORATORIO,ARTICULOS_RADIOLOGIA,TOTAL_RADIOLOGIA) values ('1111111113','Xavier X. Whitney','P.O. Box 145, 3294 Pellentesque Street',to_date('10/12/16','DD/MM/RR'),to_date('16/07/17','DD/MM/RR'),to_date('14/03/17','DD/MM/RR'),'1','208','1','19282','1','48672');
Insert into DBAUSER1.FACTURAPACIENTE (NUM_PACIENTE,NOMBRE_PACIENTE,DIRECCION_PACIENTE,FECHA_FACTURA,FECHA_ADMISION,FECHA_ALTA,ARTICULOS_HABITACIONYCOMIDA,TOTAL_HABITACIONYCOMIDA,ARTICULOS_LABORATORIO,TOTAL_LABORATORIO,ARTICULOS_RADIOLOGIA,TOTAL_RADIOLOGIA) values ('1111111119','Rae G. Abbott','P.O. Box 899, 9007 Ac Rd.',to_date('21/11/17','DD/MM/RR'),to_date('05/05/17','DD/MM/RR'),to_date('14/04/17','DD/MM/RR'),'1','208','1','19282','1','48672');
Insert into DBAUSER1.FACTURAPACIENTE (NUM_PACIENTE,NOMBRE_PACIENTE,DIRECCION_PACIENTE,FECHA_FACTURA,FECHA_ADMISION,FECHA_ALTA,ARTICULOS_HABITACIONYCOMIDA,TOTAL_HABITACIONYCOMIDA,ARTICULOS_LABORATORIO,TOTAL_LABORATORIO,ARTICULOS_RADIOLOGIA,TOTAL_RADIOLOGIA) values ('1111111120','Bree Bartlett','Ap #816-3163 Ac Avenue',to_date('15/09/17','DD/MM/RR'),to_date('14/11/17','DD/MM/RR'),to_date('17/02/17','DD/MM/RR'),'1','208','1','19282','1','48672');
Insert into DBAUSER1.FACTURAPACIENTE (NUM_PACIENTE,NOMBRE_PACIENTE,DIRECCION_PACIENTE,FECHA_FACTURA,FECHA_ADMISION,FECHA_ALTA,ARTICULOS_HABITACIONYCOMIDA,TOTAL_HABITACIONYCOMIDA,ARTICULOS_LABORATORIO,TOTAL_LABORATORIO,ARTICULOS_RADIOLOGIA,TOTAL_RADIOLOGIA) values ('1111111116','Veronica K. Puckett','8855 Nulla Road',to_date('12/10/17','DD/MM/RR'),to_date('20/02/17','DD/MM/RR'),to_date('05/12/16','DD/MM/RR'),'1','208','1','19282','1','48672');
Insert into DBAUSER1.FACTURAPACIENTE (NUM_PACIENTE,NOMBRE_PACIENTE,DIRECCION_PACIENTE,FECHA_FACTURA,FECHA_ADMISION,FECHA_ALTA,ARTICULOS_HABITACIONYCOMIDA,TOTAL_HABITACIONYCOMIDA,ARTICULOS_LABORATORIO,TOTAL_LABORATORIO,ARTICULOS_RADIOLOGIA,TOTAL_RADIOLOGIA) values ('1111111124','Heidi Nolan','Ap #514-700 Tempor Rd.',to_date('27/11/17','DD/MM/RR'),to_date('29/05/17','DD/MM/RR'),to_date('22/10/17','DD/MM/RR'),'1','208','1','19282','1','48672');
Insert into DBAUSER1.FACTURAPACIENTE (NUM_PACIENTE,NOMBRE_PACIENTE,DIRECCION_PACIENTE,FECHA_FACTURA,FECHA_ADMISION,FECHA_ALTA,ARTICULOS_HABITACIONYCOMIDA,TOTAL_HABITACIONYCOMIDA,ARTICULOS_LABORATORIO,TOTAL_LABORATORIO,ARTICULOS_RADIOLOGIA,TOTAL_RADIOLOGIA) values ('1111111123','Beck M. Anderson','P.O. Box 453, 8935 Posuere Rd.',to_date('21/11/17','DD/MM/RR'),to_date('18/07/17','DD/MM/RR'),to_date('02/05/17','DD/MM/RR'),'1','208','1','19282','1','48672');
Insert into DBAUSER1.FACTURAPACIENTE (NUM_PACIENTE,NOMBRE_PACIENTE,DIRECCION_PACIENTE,FECHA_FACTURA,FECHA_ADMISION,FECHA_ALTA,ARTICULOS_HABITACIONYCOMIDA,TOTAL_HABITACIONYCOMIDA,ARTICULOS_LABORATORIO,TOTAL_LABORATORIO,ARTICULOS_RADIOLOGIA,TOTAL_RADIOLOGIA) values ('1111111120','Bree Bartlett','Ap #816-3163 Ac Avenue',to_date('20/11/17','DD/MM/RR'),to_date('13/12/16','DD/MM/RR'),to_date('29/12/16','DD/MM/RR'),'1','208','1','19282','1','48672');
Insert into DBAUSER1.FACTURAPACIENTE (NUM_PACIENTE,NOMBRE_PACIENTE,DIRECCION_PACIENTE,FECHA_FACTURA,FECHA_ADMISION,FECHA_ALTA,ARTICULOS_HABITACIONYCOMIDA,TOTAL_HABITACIONYCOMIDA,ARTICULOS_LABORATORIO,TOTAL_LABORATORIO,ARTICULOS_RADIOLOGIA,TOTAL_RADIOLOGIA) values ('1111111124','Heidi Nolan','Ap #514-700 Tempor Rd.',to_date('27/01/17','DD/MM/RR'),to_date('25/04/17','DD/MM/RR'),to_date('29/07/17','DD/MM/RR'),'1','208','1','19282','1','48672');
Insert into DBAUSER1.FACTURAPACIENTE (NUM_PACIENTE,NOMBRE_PACIENTE,DIRECCION_PACIENTE,FECHA_FACTURA,FECHA_ADMISION,FECHA_ALTA,ARTICULOS_HABITACIONYCOMIDA,TOTAL_HABITACIONYCOMIDA,ARTICULOS_LABORATORIO,TOTAL_LABORATORIO,ARTICULOS_RADIOLOGIA,TOTAL_RADIOLOGIA) values ('1111111125','Charles Mcbride','465-8013 Vestibulum Road',to_date('23/04/17','DD/MM/RR'),to_date('05/09/17','DD/MM/RR'),to_date('10/06/17','DD/MM/RR'),'1','208','1','19282','1','48672');
Insert into DBAUSER1.FACTURAPACIENTE (NUM_PACIENTE,NOMBRE_PACIENTE,DIRECCION_PACIENTE,FECHA_FACTURA,FECHA_ADMISION,FECHA_ALTA,ARTICULOS_HABITACIONYCOMIDA,TOTAL_HABITACIONYCOMIDA,ARTICULOS_LABORATORIO,TOTAL_LABORATORIO,ARTICULOS_RADIOLOGIA,TOTAL_RADIOLOGIA) values ('1111111124','Heidi Nolan','Ap #514-700 Tempor Rd.',to_date('20/01/17','DD/MM/RR'),to_date('06/01/17','DD/MM/RR'),to_date('31/12/16','DD/MM/RR'),'1','208','1','19282','1','48672');
Insert into DBAUSER1.FACTURAPACIENTE (NUM_PACIENTE,NOMBRE_PACIENTE,DIRECCION_PACIENTE,FECHA_FACTURA,FECHA_ADMISION,FECHA_ALTA,ARTICULOS_HABITACIONYCOMIDA,TOTAL_HABITACIONYCOMIDA,ARTICULOS_LABORATORIO,TOTAL_LABORATORIO,ARTICULOS_RADIOLOGIA,TOTAL_RADIOLOGIA) values ('1111111114','Burke L. Sykes','Ap #615-2234 Fringilla Avenue',to_date('04/08/17','DD/MM/RR'),to_date('02/04/17','DD/MM/RR'),to_date('04/07/17','DD/MM/RR'),'1','208','1','19282','1','48672');
Insert into DBAUSER1.FACTURAPACIENTE (NUM_PACIENTE,NOMBRE_PACIENTE,DIRECCION_PACIENTE,FECHA_FACTURA,FECHA_ADMISION,FECHA_ALTA,ARTICULOS_HABITACIONYCOMIDA,TOTAL_HABITACIONYCOMIDA,ARTICULOS_LABORATORIO,TOTAL_LABORATORIO,ARTICULOS_RADIOLOGIA,TOTAL_RADIOLOGIA) values ('1111111125','Charles Mcbride','465-8013 Vestibulum Road',to_date('22/12/16','DD/MM/RR'),to_date('30/05/17','DD/MM/RR'),to_date('22/01/17','DD/MM/RR'),'1','208','1','19282','1','48672');
Insert into DBAUSER1.FACTURAPACIENTE (NUM_PACIENTE,NOMBRE_PACIENTE,DIRECCION_PACIENTE,FECHA_FACTURA,FECHA_ADMISION,FECHA_ALTA,ARTICULOS_HABITACIONYCOMIDA,TOTAL_HABITACIONYCOMIDA,ARTICULOS_LABORATORIO,TOTAL_LABORATORIO,ARTICULOS_RADIOLOGIA,TOTAL_RADIOLOGIA) values ('1111111116','Veronica K. Puckett','8855 Nulla Road',to_date('14/12/16','DD/MM/RR'),to_date('12/02/17','DD/MM/RR'),to_date('01/06/17','DD/MM/RR'),'1','208','1','19282','1','48672');
Insert into DBAUSER1.FACTURAPACIENTE (NUM_PACIENTE,NOMBRE_PACIENTE,DIRECCION_PACIENTE,FECHA_FACTURA,FECHA_ADMISION,FECHA_ALTA,ARTICULOS_HABITACIONYCOMIDA,TOTAL_HABITACIONYCOMIDA,ARTICULOS_LABORATORIO,TOTAL_LABORATORIO,ARTICULOS_RADIOLOGIA,TOTAL_RADIOLOGIA) values ('1111111116','Veronica K. Puckett','8855 Nulla Road',to_date('27/11/17','DD/MM/RR'),to_date('22/03/17','DD/MM/RR'),to_date('24/10/17','DD/MM/RR'),'1','208','1','19282','1','48672');
Insert into DBAUSER1.FACTURAPACIENTE (NUM_PACIENTE,NOMBRE_PACIENTE,DIRECCION_PACIENTE,FECHA_FACTURA,FECHA_ADMISION,FECHA_ALTA,ARTICULOS_HABITACIONYCOMIDA,TOTAL_HABITACIONYCOMIDA,ARTICULOS_LABORATORIO,TOTAL_LABORATORIO,ARTICULOS_RADIOLOGIA,TOTAL_RADIOLOGIA) values ('1111111114','Burke L. Sykes','Ap #615-2234 Fringilla Avenue',to_date('10/11/17','DD/MM/RR'),to_date('06/07/17','DD/MM/RR'),to_date('27/06/17','DD/MM/RR'),'1','208','1','19282','1','48672');
Insert into DBAUSER1.FACTURAPACIENTE (NUM_PACIENTE,NOMBRE_PACIENTE,DIRECCION_PACIENTE,FECHA_FACTURA,FECHA_ADMISION,FECHA_ALTA,ARTICULOS_HABITACIONYCOMIDA,TOTAL_HABITACIONYCOMIDA,ARTICULOS_LABORATORIO,TOTAL_LABORATORIO,ARTICULOS_RADIOLOGIA,TOTAL_RADIOLOGIA) values ('1111111117','Avram Stephens','P.O. Box 774, 8646 Tempus St.',to_date('09/04/17','DD/MM/RR'),to_date('16/11/16','DD/MM/RR'),to_date('27/11/16','DD/MM/RR'),'1','208','1','19282','1','48672');
Insert into DBAUSER1.FACTURAPACIENTE (NUM_PACIENTE,NOMBRE_PACIENTE,DIRECCION_PACIENTE,FECHA_FACTURA,FECHA_ADMISION,FECHA_ALTA,ARTICULOS_HABITACIONYCOMIDA,TOTAL_HABITACIONYCOMIDA,ARTICULOS_LABORATORIO,TOTAL_LABORATORIO,ARTICULOS_RADIOLOGIA,TOTAL_RADIOLOGIA) values ('1111111127','Claire H. Horn','508-291 Cursus Av.',to_date('22/03/17','DD/MM/RR'),to_date('24/01/17','DD/MM/RR'),to_date('19/11/16','DD/MM/RR'),'1','208','1','19282','1','48672');
Insert into DBAUSER1.FACTURAPACIENTE (NUM_PACIENTE,NOMBRE_PACIENTE,DIRECCION_PACIENTE,FECHA_FACTURA,FECHA_ADMISION,FECHA_ALTA,ARTICULOS_HABITACIONYCOMIDA,TOTAL_HABITACIONYCOMIDA,ARTICULOS_LABORATORIO,TOTAL_LABORATORIO,ARTICULOS_RADIOLOGIA,TOTAL_RADIOLOGIA) values ('1111111119','Rae G. Abbott','P.O. Box 899, 9007 Ac Rd.',to_date('01/06/17','DD/MM/RR'),to_date('11/05/17','DD/MM/RR'),to_date('12/06/17','DD/MM/RR'),'1','208','1','19282','1','48672');
Insert into DBAUSER1.FACTURAPACIENTE (NUM_PACIENTE,NOMBRE_PACIENTE,DIRECCION_PACIENTE,FECHA_FACTURA,FECHA_ADMISION,FECHA_ALTA,ARTICULOS_HABITACIONYCOMIDA,TOTAL_HABITACIONYCOMIDA,ARTICULOS_LABORATORIO,TOTAL_LABORATORIO,ARTICULOS_RADIOLOGIA,TOTAL_RADIOLOGIA) values ('1111111116','Veronica K. Puckett','8855 Nulla Road',to_date('05/07/17','DD/MM/RR'),to_date('28/09/17','DD/MM/RR'),to_date('16/10/17','DD/MM/RR'),'1','208','1','19282','1','48672');
Insert into DBAUSER1.FACTURAPACIENTE (NUM_PACIENTE,NOMBRE_PACIENTE,DIRECCION_PACIENTE,FECHA_FACTURA,FECHA_ADMISION,FECHA_ALTA,ARTICULOS_HABITACIONYCOMIDA,TOTAL_HABITACIONYCOMIDA,ARTICULOS_LABORATORIO,TOTAL_LABORATORIO,ARTICULOS_RADIOLOGIA,TOTAL_RADIOLOGIA) values ('1111111125','Charles Mcbride','465-8013 Vestibulum Road',to_date('20/12/16','DD/MM/RR'),to_date('09/02/17','DD/MM/RR'),to_date('18/05/17','DD/MM/RR'),'1','208','1','19282','1','48672');
Insert into DBAUSER1.FACTURAPACIENTE (NUM_PACIENTE,NOMBRE_PACIENTE,DIRECCION_PACIENTE,FECHA_FACTURA,FECHA_ADMISION,FECHA_ALTA,ARTICULOS_HABITACIONYCOMIDA,TOTAL_HABITACIONYCOMIDA,ARTICULOS_LABORATORIO,TOTAL_LABORATORIO,ARTICULOS_RADIOLOGIA,TOTAL_RADIOLOGIA) values ('1111111123','Beck M. Anderson','P.O. Box 453, 8935 Posuere Rd.',to_date('07/04/17','DD/MM/RR'),to_date('02/07/17','DD/MM/RR'),to_date('23/05/17','DD/MM/RR'),'1','208','1','19282','1','48672');
Insert into DBAUSER1.FACTURAPACIENTE (NUM_PACIENTE,NOMBRE_PACIENTE,DIRECCION_PACIENTE,FECHA_FACTURA,FECHA_ADMISION,FECHA_ALTA,ARTICULOS_HABITACIONYCOMIDA,TOTAL_HABITACIONYCOMIDA,ARTICULOS_LABORATORIO,TOTAL_LABORATORIO,ARTICULOS_RADIOLOGIA,TOTAL_RADIOLOGIA) values ('1111111113','Xavier X. Whitney','P.O. Box 145, 3294 Pellentesque Street',to_date('05/12/16','DD/MM/RR'),to_date('07/03/17','DD/MM/RR'),to_date('13/11/16','DD/MM/RR'),'1','208','1','19282','1','48672');
Insert into DBAUSER1.FACTURAPACIENTE (NUM_PACIENTE,NOMBRE_PACIENTE,DIRECCION_PACIENTE,FECHA_FACTURA,FECHA_ADMISION,FECHA_ALTA,ARTICULOS_HABITACIONYCOMIDA,TOTAL_HABITACIONYCOMIDA,ARTICULOS_LABORATORIO,TOTAL_LABORATORIO,ARTICULOS_RADIOLOGIA,TOTAL_RADIOLOGIA) values ('1111111120','Bree Bartlett','Ap #816-3163 Ac Avenue',to_date('07/03/17','DD/MM/RR'),to_date('17/08/17','DD/MM/RR'),to_date('26/10/17','DD/MM/RR'),'1','208','1','19282','1','48672');
Insert into DBAUSER1.FACTURAPACIENTE (NUM_PACIENTE,NOMBRE_PACIENTE,DIRECCION_PACIENTE,FECHA_FACTURA,FECHA_ADMISION,FECHA_ALTA,ARTICULOS_HABITACIONYCOMIDA,TOTAL_HABITACIONYCOMIDA,ARTICULOS_LABORATORIO,TOTAL_LABORATORIO,ARTICULOS_RADIOLOGIA,TOTAL_RADIOLOGIA) values ('1111111114','Burke L. Sykes','Ap #615-2234 Fringilla Avenue',to_date('20/01/17','DD/MM/RR'),to_date('07/05/17','DD/MM/RR'),to_date('17/02/17','DD/MM/RR'),'1','208','1','19282','1','48672');
Insert into DBAUSER1.FACTURAPACIENTE (NUM_PACIENTE,NOMBRE_PACIENTE,DIRECCION_PACIENTE,FECHA_FACTURA,FECHA_ADMISION,FECHA_ALTA,ARTICULOS_HABITACIONYCOMIDA,TOTAL_HABITACIONYCOMIDA,ARTICULOS_LABORATORIO,TOTAL_LABORATORIO,ARTICULOS_RADIOLOGIA,TOTAL_RADIOLOGIA) values ('1111111117','Avram Stephens','P.O. Box 774, 8646 Tempus St.',to_date('26/03/17','DD/MM/RR'),to_date('21/05/17','DD/MM/RR'),to_date('20/11/16','DD/MM/RR'),'1','208','1','19282','1','48672');
Insert into DBAUSER1.FACTURAPACIENTE (NUM_PACIENTE,NOMBRE_PACIENTE,DIRECCION_PACIENTE,FECHA_FACTURA,FECHA_ADMISION,FECHA_ALTA,ARTICULOS_HABITACIONYCOMIDA,TOTAL_HABITACIONYCOMIDA,ARTICULOS_LABORATORIO,TOTAL_LABORATORIO,ARTICULOS_RADIOLOGIA,TOTAL_RADIOLOGIA) values ('1111111114','Burke L. Sykes','Ap #615-2234 Fringilla Avenue',to_date('07/11/17','DD/MM/RR'),to_date('25/10/17','DD/MM/RR'),to_date('07/12/16','DD/MM/RR'),'1','208','1','19282','1','48672');
Insert into DBAUSER1.FACTURAPACIENTE (NUM_PACIENTE,NOMBRE_PACIENTE,DIRECCION_PACIENTE,FECHA_FACTURA,FECHA_ADMISION,FECHA_ALTA,ARTICULOS_HABITACIONYCOMIDA,TOTAL_HABITACIONYCOMIDA,ARTICULOS_LABORATORIO,TOTAL_LABORATORIO,ARTICULOS_RADIOLOGIA,TOTAL_RADIOLOGIA) values ('1111111122','Gisela Lancaster','156-7399 Ullamcorper, Rd.',to_date('18/01/17','DD/MM/RR'),to_date('21/12/16','DD/MM/RR'),to_date('11/01/17','DD/MM/RR'),'1','208','1','19282','1','48672');
Insert into DBAUSER1.FACTURAPACIENTE (NUM_PACIENTE,NOMBRE_PACIENTE,DIRECCION_PACIENTE,FECHA_FACTURA,FECHA_ADMISION,FECHA_ALTA,ARTICULOS_HABITACIONYCOMIDA,TOTAL_HABITACIONYCOMIDA,ARTICULOS_LABORATORIO,TOTAL_LABORATORIO,ARTICULOS_RADIOLOGIA,TOTAL_RADIOLOGIA) values ('1111111111','MacKensie Z. Randall','998-5707 Morbi Road',to_date('01/08/17','DD/MM/RR'),to_date('08/07/17','DD/MM/RR'),to_date('26/04/17','DD/MM/RR'),'1','208','1','19282','1','48672');
Insert into DBAUSER1.FACTURAPACIENTE (NUM_PACIENTE,NOMBRE_PACIENTE,DIRECCION_PACIENTE,FECHA_FACTURA,FECHA_ADMISION,FECHA_ALTA,ARTICULOS_HABITACIONYCOMIDA,TOTAL_HABITACIONYCOMIDA,ARTICULOS_LABORATORIO,TOTAL_LABORATORIO,ARTICULOS_RADIOLOGIA,TOTAL_RADIOLOGIA) values ('1111111114','Burke L. Sykes','Ap #615-2234 Fringilla Avenue',to_date('20/12/16','DD/MM/RR'),to_date('08/07/17','DD/MM/RR'),to_date('01/01/17','DD/MM/RR'),'1','208','1','19282','1','48672');
Insert into DBAUSER1.FACTURAPACIENTE (NUM_PACIENTE,NOMBRE_PACIENTE,DIRECCION_PACIENTE,FECHA_FACTURA,FECHA_ADMISION,FECHA_ALTA,ARTICULOS_HABITACIONYCOMIDA,TOTAL_HABITACIONYCOMIDA,ARTICULOS_LABORATORIO,TOTAL_LABORATORIO,ARTICULOS_RADIOLOGIA,TOTAL_RADIOLOGIA) values ('1111111129','Kyla D. Logan','Ap #796-4056 A, St.',to_date('27/04/17','DD/MM/RR'),to_date('11/12/16','DD/MM/RR'),to_date('13/08/17','DD/MM/RR'),'1','208','1','19282','1','48672');
Insert into DBAUSER1.FACTURAPACIENTE (NUM_PACIENTE,NOMBRE_PACIENTE,DIRECCION_PACIENTE,FECHA_FACTURA,FECHA_ADMISION,FECHA_ALTA,ARTICULOS_HABITACIONYCOMIDA,TOTAL_HABITACIONYCOMIDA,ARTICULOS_LABORATORIO,TOTAL_LABORATORIO,ARTICULOS_RADIOLOGIA,TOTAL_RADIOLOGIA) values ('1111111120','Bree Bartlett','Ap #816-3163 Ac Avenue',to_date('24/01/17','DD/MM/RR'),to_date('07/10/17','DD/MM/RR'),to_date('12/03/17','DD/MM/RR'),'1','208','1','19282','1','48672');
Insert into DBAUSER1.FACTURAPACIENTE (NUM_PACIENTE,NOMBRE_PACIENTE,DIRECCION_PACIENTE,FECHA_FACTURA,FECHA_ADMISION,FECHA_ALTA,ARTICULOS_HABITACIONYCOMIDA,TOTAL_HABITACIONYCOMIDA,ARTICULOS_LABORATORIO,TOTAL_LABORATORIO,ARTICULOS_RADIOLOGIA,TOTAL_RADIOLOGIA) values ('1111111127','Claire H. Horn','508-291 Cursus Av.',to_date('09/07/17','DD/MM/RR'),to_date('19/03/17','DD/MM/RR'),to_date('23/11/17','DD/MM/RR'),'1','208','1','19282','1','48672');
Insert into DBAUSER1.FACTURAPACIENTE (NUM_PACIENTE,NOMBRE_PACIENTE,DIRECCION_PACIENTE,FECHA_FACTURA,FECHA_ADMISION,FECHA_ALTA,ARTICULOS_HABITACIONYCOMIDA,TOTAL_HABITACIONYCOMIDA,ARTICULOS_LABORATORIO,TOTAL_LABORATORIO,ARTICULOS_RADIOLOGIA,TOTAL_RADIOLOGIA) values ('1111111117','Avram Stephens','P.O. Box 774, 8646 Tempus St.',to_date('22/01/17','DD/MM/RR'),to_date('27/12/16','DD/MM/RR'),to_date('07/04/17','DD/MM/RR'),'1','208','1','19282','1','48672');
Insert into DBAUSER1.FACTURAPACIENTE (NUM_PACIENTE,NOMBRE_PACIENTE,DIRECCION_PACIENTE,FECHA_FACTURA,FECHA_ADMISION,FECHA_ALTA,ARTICULOS_HABITACIONYCOMIDA,TOTAL_HABITACIONYCOMIDA,ARTICULOS_LABORATORIO,TOTAL_LABORATORIO,ARTICULOS_RADIOLOGIA,TOTAL_RADIOLOGIA) values ('1111111129','Kyla D. Logan','Ap #796-4056 A, St.',to_date('06/02/17','DD/MM/RR'),to_date('07/03/17','DD/MM/RR'),to_date('29/03/17','DD/MM/RR'),'1','208','1','19282','1','48672');
Insert into DBAUSER1.FACTURAPACIENTE (NUM_PACIENTE,NOMBRE_PACIENTE,DIRECCION_PACIENTE,FECHA_FACTURA,FECHA_ADMISION,FECHA_ALTA,ARTICULOS_HABITACIONYCOMIDA,TOTAL_HABITACIONYCOMIDA,ARTICULOS_LABORATORIO,TOTAL_LABORATORIO,ARTICULOS_RADIOLOGIA,TOTAL_RADIOLOGIA) values ('1111111115','Anthony O. Potts','8366 Aliquam Road',to_date('29/03/17','DD/MM/RR'),to_date('19/08/17','DD/MM/RR'),to_date('03/04/17','DD/MM/RR'),'1','208','1','19282','1','48672');
Insert into DBAUSER1.FACTURAPACIENTE (NUM_PACIENTE,NOMBRE_PACIENTE,DIRECCION_PACIENTE,FECHA_FACTURA,FECHA_ADMISION,FECHA_ALTA,ARTICULOS_HABITACIONYCOMIDA,TOTAL_HABITACIONYCOMIDA,ARTICULOS_LABORATORIO,TOTAL_LABORATORIO,ARTICULOS_RADIOLOGIA,TOTAL_RADIOLOGIA) values ('1111111120','Bree Bartlett','Ap #816-3163 Ac Avenue',to_date('06/08/17','DD/MM/RR'),to_date('28/02/17','DD/MM/RR'),to_date('21/11/17','DD/MM/RR'),'1','208','1','19282','1','48672');
Insert into DBAUSER1.FACTURAPACIENTE (NUM_PACIENTE,NOMBRE_PACIENTE,DIRECCION_PACIENTE,FECHA_FACTURA,FECHA_ADMISION,FECHA_ALTA,ARTICULOS_HABITACIONYCOMIDA,TOTAL_HABITACIONYCOMIDA,ARTICULOS_LABORATORIO,TOTAL_LABORATORIO,ARTICULOS_RADIOLOGIA,TOTAL_RADIOLOGIA) values ('1111111128','Nelle C. Mendez','P.O. Box 988, 2749 Id, Ave',to_date('12/03/17','DD/MM/RR'),to_date('07/10/17','DD/MM/RR'),to_date('01/02/17','DD/MM/RR'),'1','208','1','19282','1','48672');
Insert into DBAUSER1.FACTURAPACIENTE (NUM_PACIENTE,NOMBRE_PACIENTE,DIRECCION_PACIENTE,FECHA_FACTURA,FECHA_ADMISION,FECHA_ALTA,ARTICULOS_HABITACIONYCOMIDA,TOTAL_HABITACIONYCOMIDA,ARTICULOS_LABORATORIO,TOTAL_LABORATORIO,ARTICULOS_RADIOLOGIA,TOTAL_RADIOLOGIA) values ('1111111118','Portia T. Farley','6106 Dictum Rd.',to_date('12/09/17','DD/MM/RR'),to_date('21/01/17','DD/MM/RR'),to_date('20/01/17','DD/MM/RR'),'1','208','1','19282','1','48672');
Insert into DBAUSER1.FACTURAPACIENTE (NUM_PACIENTE,NOMBRE_PACIENTE,DIRECCION_PACIENTE,FECHA_FACTURA,FECHA_ADMISION,FECHA_ALTA,ARTICULOS_HABITACIONYCOMIDA,TOTAL_HABITACIONYCOMIDA,ARTICULOS_LABORATORIO,TOTAL_LABORATORIO,ARTICULOS_RADIOLOGIA,TOTAL_RADIOLOGIA) values ('1111111118','Portia T. Farley','6106 Dictum Rd.',to_date('16/01/17','DD/MM/RR'),to_date('01/12/16','DD/MM/RR'),to_date('09/07/17','DD/MM/RR'),'1','208','1','19282','1','48672');
Insert into DBAUSER1.FACTURAPACIENTE (NUM_PACIENTE,NOMBRE_PACIENTE,DIRECCION_PACIENTE,FECHA_FACTURA,FECHA_ADMISION,FECHA_ALTA,ARTICULOS_HABITACIONYCOMIDA,TOTAL_HABITACIONYCOMIDA,ARTICULOS_LABORATORIO,TOTAL_LABORATORIO,ARTICULOS_RADIOLOGIA,TOTAL_RADIOLOGIA) values ('1111111113','Xavier X. Whitney','P.O. Box 145, 3294 Pellentesque Street',to_date('21/09/17','DD/MM/RR'),to_date('09/02/17','DD/MM/RR'),to_date('20/11/17','DD/MM/RR'),'1','208','1','19282','1','48672');
Insert into DBAUSER1.FACTURAPACIENTE (NUM_PACIENTE,NOMBRE_PACIENTE,DIRECCION_PACIENTE,FECHA_FACTURA,FECHA_ADMISION,FECHA_ALTA,ARTICULOS_HABITACIONYCOMIDA,TOTAL_HABITACIONYCOMIDA,ARTICULOS_LABORATORIO,TOTAL_LABORATORIO,ARTICULOS_RADIOLOGIA,TOTAL_RADIOLOGIA) values ('1111111117','Avram Stephens','P.O. Box 774, 8646 Tempus St.',to_date('27/11/17','DD/MM/RR'),to_date('10/05/17','DD/MM/RR'),to_date('03/02/17','DD/MM/RR'),'1','208','1','19282','1','48672');
Insert into DBAUSER1.FACTURAPACIENTE (NUM_PACIENTE,NOMBRE_PACIENTE,DIRECCION_PACIENTE,FECHA_FACTURA,FECHA_ADMISION,FECHA_ALTA,ARTICULOS_HABITACIONYCOMIDA,TOTAL_HABITACIONYCOMIDA,ARTICULOS_LABORATORIO,TOTAL_LABORATORIO,ARTICULOS_RADIOLOGIA,TOTAL_RADIOLOGIA) values ('1111111130','Giacomo V. Simpson','591-4393 Gravida. Street',to_date('08/09/17','DD/MM/RR'),to_date('17/11/17','DD/MM/RR'),to_date('04/03/17','DD/MM/RR'),'1','208','1','19282','1','48672');
Insert into DBAUSER1.FACTURAPACIENTE (NUM_PACIENTE,NOMBRE_PACIENTE,DIRECCION_PACIENTE,FECHA_FACTURA,FECHA_ADMISION,FECHA_ALTA,ARTICULOS_HABITACIONYCOMIDA,TOTAL_HABITACIONYCOMIDA,ARTICULOS_LABORATORIO,TOTAL_LABORATORIO,ARTICULOS_RADIOLOGIA,TOTAL_RADIOLOGIA) values ('1111111119','Rae G. Abbott','P.O. Box 899, 9007 Ac Rd.',to_date('26/09/17','DD/MM/RR'),to_date('07/04/17','DD/MM/RR'),to_date('07/08/17','DD/MM/RR'),'1','208','1','19282','1','48672');
Insert into DBAUSER1.FACTURAPACIENTE (NUM_PACIENTE,NOMBRE_PACIENTE,DIRECCION_PACIENTE,FECHA_FACTURA,FECHA_ADMISION,FECHA_ALTA,ARTICULOS_HABITACIONYCOMIDA,TOTAL_HABITACIONYCOMIDA,ARTICULOS_LABORATORIO,TOTAL_LABORATORIO,ARTICULOS_RADIOLOGIA,TOTAL_RADIOLOGIA) values ('1111111118','Portia T. Farley','6106 Dictum Rd.',to_date('17/07/17','DD/MM/RR'),to_date('16/02/17','DD/MM/RR'),to_date('28/03/17','DD/MM/RR'),'1','208','1','19282','1','48672');
Insert into DBAUSER1.FACTURAPACIENTE (NUM_PACIENTE,NOMBRE_PACIENTE,DIRECCION_PACIENTE,FECHA_FACTURA,FECHA_ADMISION,FECHA_ALTA,ARTICULOS_HABITACIONYCOMIDA,TOTAL_HABITACIONYCOMIDA,ARTICULOS_LABORATORIO,TOTAL_LABORATORIO,ARTICULOS_RADIOLOGIA,TOTAL_RADIOLOGIA) values ('1111111116','Veronica K. Puckett','8855 Nulla Road',to_date('25/11/17','DD/MM/RR'),to_date('29/03/17','DD/MM/RR'),to_date('24/05/17','DD/MM/RR'),'1','208','1','19282','1','48672');
Insert into DBAUSER1.FACTURAPACIENTE (NUM_PACIENTE,NOMBRE_PACIENTE,DIRECCION_PACIENTE,FECHA_FACTURA,FECHA_ADMISION,FECHA_ALTA,ARTICULOS_HABITACIONYCOMIDA,TOTAL_HABITACIONYCOMIDA,ARTICULOS_LABORATORIO,TOTAL_LABORATORIO,ARTICULOS_RADIOLOGIA,TOTAL_RADIOLOGIA) values ('1111111113','Xavier X. Whitney','P.O. Box 145, 3294 Pellentesque Street',to_date('30/11/17','DD/MM/RR'),to_date('21/08/17','DD/MM/RR'),to_date('05/12/16','DD/MM/RR'),'1','208','1','19282','1','48672');
Insert into DBAUSER1.FACTURAPACIENTE (NUM_PACIENTE,NOMBRE_PACIENTE,DIRECCION_PACIENTE,FECHA_FACTURA,FECHA_ADMISION,FECHA_ALTA,ARTICULOS_HABITACIONYCOMIDA,TOTAL_HABITACIONYCOMIDA,ARTICULOS_LABORATORIO,TOTAL_LABORATORIO,ARTICULOS_RADIOLOGIA,TOTAL_RADIOLOGIA) values ('1111111124','Heidi Nolan','Ap #514-700 Tempor Rd.',to_date('20/11/16','DD/MM/RR'),to_date('04/07/17','DD/MM/RR'),to_date('10/02/17','DD/MM/RR'),'1','208','1','19282','1','48672');
Insert into DBAUSER1.FACTURAPACIENTE (NUM_PACIENTE,NOMBRE_PACIENTE,DIRECCION_PACIENTE,FECHA_FACTURA,FECHA_ADMISION,FECHA_ALTA,ARTICULOS_HABITACIONYCOMIDA,TOTAL_HABITACIONYCOMIDA,ARTICULOS_LABORATORIO,TOTAL_LABORATORIO,ARTICULOS_RADIOLOGIA,TOTAL_RADIOLOGIA) values ('1111111129','Kyla D. Logan','Ap #796-4056 A, St.',to_date('26/06/17','DD/MM/RR'),to_date('26/01/17','DD/MM/RR'),to_date('29/01/17','DD/MM/RR'),'1','208','1','19282','1','48672');
Insert into DBAUSER1.FACTURAPACIENTE (NUM_PACIENTE,NOMBRE_PACIENTE,DIRECCION_PACIENTE,FECHA_FACTURA,FECHA_ADMISION,FECHA_ALTA,ARTICULOS_HABITACIONYCOMIDA,TOTAL_HABITACIONYCOMIDA,ARTICULOS_LABORATORIO,TOTAL_LABORATORIO,ARTICULOS_RADIOLOGIA,TOTAL_RADIOLOGIA) values ('1111111120','Bree Bartlett','Ap #816-3163 Ac Avenue',to_date('04/04/17','DD/MM/RR'),to_date('24/07/17','DD/MM/RR'),to_date('04/07/17','DD/MM/RR'),'1','208','1','19282','1','48672');
Insert into DBAUSER1.FACTURAPACIENTE (NUM_PACIENTE,NOMBRE_PACIENTE,DIRECCION_PACIENTE,FECHA_FACTURA,FECHA_ADMISION,FECHA_ALTA,ARTICULOS_HABITACIONYCOMIDA,TOTAL_HABITACIONYCOMIDA,ARTICULOS_LABORATORIO,TOTAL_LABORATORIO,ARTICULOS_RADIOLOGIA,TOTAL_RADIOLOGIA) values ('1111111123','Beck M. Anderson','P.O. Box 453, 8935 Posuere Rd.',to_date('21/05/17','DD/MM/RR'),to_date('20/02/17','DD/MM/RR'),to_date('22/01/17','DD/MM/RR'),'1','208','1','19282','1','48672');
Insert into DBAUSER1.FACTURAPACIENTE (NUM_PACIENTE,NOMBRE_PACIENTE,DIRECCION_PACIENTE,FECHA_FACTURA,FECHA_ADMISION,FECHA_ALTA,ARTICULOS_HABITACIONYCOMIDA,TOTAL_HABITACIONYCOMIDA,ARTICULOS_LABORATORIO,TOTAL_LABORATORIO,ARTICULOS_RADIOLOGIA,TOTAL_RADIOLOGIA) values ('1111111111','MacKensie Z. Randall','998-5707 Morbi Road',to_date('19/02/17','DD/MM/RR'),to_date('26/03/17','DD/MM/RR'),to_date('18/11/17','DD/MM/RR'),'1','208','1','19282','1','48672');
Insert into DBAUSER1.FACTURAPACIENTE (NUM_PACIENTE,NOMBRE_PACIENTE,DIRECCION_PACIENTE,FECHA_FACTURA,FECHA_ADMISION,FECHA_ALTA,ARTICULOS_HABITACIONYCOMIDA,TOTAL_HABITACIONYCOMIDA,ARTICULOS_LABORATORIO,TOTAL_LABORATORIO,ARTICULOS_RADIOLOGIA,TOTAL_RADIOLOGIA) values ('1111111120','Bree Bartlett','Ap #816-3163 Ac Avenue',to_date('25/05/17','DD/MM/RR'),to_date('27/07/17','DD/MM/RR'),to_date('04/11/17','DD/MM/RR'),'1','208','1','19282','1','48672');
Insert into DBAUSER1.FACTURAPACIENTE (NUM_PACIENTE,NOMBRE_PACIENTE,DIRECCION_PACIENTE,FECHA_FACTURA,FECHA_ADMISION,FECHA_ALTA,ARTICULOS_HABITACIONYCOMIDA,TOTAL_HABITACIONYCOMIDA,ARTICULOS_LABORATORIO,TOTAL_LABORATORIO,ARTICULOS_RADIOLOGIA,TOTAL_RADIOLOGIA) values ('1111111123','Beck M. Anderson','P.O. Box 453, 8935 Posuere Rd.',to_date('14/08/17','DD/MM/RR'),to_date('17/12/16','DD/MM/RR'),to_date('19/10/17','DD/MM/RR'),'1','208','1','19282','1','48672');
Insert into DBAUSER1.FACTURAPACIENTE (NUM_PACIENTE,NOMBRE_PACIENTE,DIRECCION_PACIENTE,FECHA_FACTURA,FECHA_ADMISION,FECHA_ALTA,ARTICULOS_HABITACIONYCOMIDA,TOTAL_HABITACIONYCOMIDA,ARTICULOS_LABORATORIO,TOTAL_LABORATORIO,ARTICULOS_RADIOLOGIA,TOTAL_RADIOLOGIA) values ('1111111130','Giacomo V. Simpson','591-4393 Gravida. Street',to_date('13/09/17','DD/MM/RR'),to_date('11/02/17','DD/MM/RR'),to_date('21/11/16','DD/MM/RR'),'1','208','1','19282','1','48672');
REM INSERTING into DBAUSER1.INFO_FACTURA
SET DEFINE OFF;
Insert into DBAUSER1.INFO_FACTURA (NUM_PACIENTE,NOMBRE_PACIENTE,DIRECCION_PACIENTE,FECHA_FACTURA,TOTAL) values ('1111111113','Xavier X. Whitney','P.O. Box 145, 3294 Pellentesque Street',to_date('16/01/17','DD/MM/RR'),'200000');
--------------------------------------------------------
--  DDL for Index SYS_C007053
--------------------------------------------------------

  CREATE UNIQUE INDEX "DBAUSER1"."SYS_C007053" ON "DBAUSER1"."ESTADO" ("ID_ESTADO") 
  ;
--------------------------------------------------------
--  DDL for Index SYS_C007057
--------------------------------------------------------

  CREATE UNIQUE INDEX "DBAUSER1"."SYS_C007057" ON "DBAUSER1"."CIUDAD" ("ID_CIUDAD") 
  ;
--------------------------------------------------------
--  DDL for Index SYS_C007060
--------------------------------------------------------

  CREATE UNIQUE INDEX "DBAUSER1"."SYS_C007060" ON "DBAUSER1"."CENTRO_COSTOS" ("ID_CENTRO_COSTOS") 
  ;
--------------------------------------------------------
--  DDL for Index SYS_C007061
--------------------------------------------------------

  CREATE UNIQUE INDEX "DBAUSER1"."SYS_C007061" ON "DBAUSER1"."CENTRO_COSTOS" ("NOMBRE_CENTRO_COSTOS") 
  ;
--------------------------------------------------------
--  DDL for Index SYS_C007065
--------------------------------------------------------

  CREATE UNIQUE INDEX "DBAUSER1"."SYS_C007065" ON "DBAUSER1"."PRODUCTO" ("ID_PRODUCTO") 
  ;
--------------------------------------------------------
--  DDL for Index SYS_C007066
--------------------------------------------------------

  CREATE UNIQUE INDEX "DBAUSER1"."SYS_C007066" ON "DBAUSER1"."PRODUCTO" ("NOMBRE_PRODUCTO") 
  ;
--------------------------------------------------------
--  DDL for Index SYS_C007071
--------------------------------------------------------

  CREATE UNIQUE INDEX "DBAUSER1"."SYS_C007071" ON "DBAUSER1"."PACIENTE" ("NUM_PACIENTE") 
  ;
--------------------------------------------------------
--  DDL for Index SYS_C007078
--------------------------------------------------------

  CREATE UNIQUE INDEX "DBAUSER1"."SYS_C007078" ON "DBAUSER1"."FACTURA" ("ID_FACTURA") 
  ;
--------------------------------------------------------
--  DDL for Index SYS_C007085
--------------------------------------------------------

  CREATE UNIQUE INDEX "DBAUSER1"."SYS_C007085" ON "DBAUSER1"."DETALLE_FACTURA" ("ID_DETALLE_FACTURA", "ID_FACTURA", "ID_PRODUCTO") 
  ;
--------------------------------------------------------
--  DDL for Trigger ACTUALIZAR_STOCK
--------------------------------------------------------

  CREATE OR REPLACE TRIGGER "DBAUSER1"."ACTUALIZAR_STOCK" 
BEFORE INSERT ON DETALLE_FACTURA
FOR EACH ROW
BEGIN
UPDATE PRODUCTO 
SET unidades_disponibles = unidades_disponibles -1
WHERE ID_PRODUCTO = :NEW.ID_PRODUCTO;
END;
/
ALTER TRIGGER "DBAUSER1"."ACTUALIZAR_STOCK" ENABLE;
--------------------------------------------------------
--  DDL for Procedure AUMENTAR_COSTO_ARTICULO
--------------------------------------------------------
set define off;

  CREATE OR REPLACE PROCEDURE "DBAUSER1"."AUMENTAR_COSTO_ARTICULO" 
AS
BEGIN
UPDATE PRODUCTO 
SET PRECIO = PRECIO+(PRECIO *0.02)
WHERE ID_CENTRO_COSTOS = 3;

UPDATE PRODUCTO 
SET PRECIO = PRECIO+(PRECIO *0.035)
WHERE ID_CENTRO_COSTOS = 2;

UPDATE PRODUCTO 
SET PRECIO = PRECIO+(PRECIO *0.04)
WHERE ID_CENTRO_COSTOS = 4;
END;

/
--------------------------------------------------------
--  DDL for Function CANTIDAD_ARTICULOS_FACTURA
--------------------------------------------------------

  CREATE OR REPLACE FUNCTION "DBAUSER1"."CANTIDAD_ARTICULOS_FACTURA" (CENTRO_COSTOS INTEGER,FACTURA INTEGER) 
RETURN INTEGER IS 
RESULTADO INTEGER;
BEGIN
SELECT COUNT(PR.ID_PRODUCTO) INTO RESULTADO
FROM FACTURA F
INNER JOIN DETALLE_FACTURA DF 
ON F.ID_FACTURA = DF.ID_FACTURA
INNER JOIN PRODUCTO PR 
ON DF.ID_PRODUCTO = PR.ID_PRODUCTO
INNER JOIN CENTRO_COSTOS CC 
ON PR.ID_CENTRO_COSTOS = CC.ID_CENTRO_COSTOS
WHERE F.ID_FACTURA = FACTURA AND CC.ID_CENTRO_COSTOS = CENTRO_COSTOS;
RETURN RESULTADO;
END;

/
--------------------------------------------------------
--  DDL for Function SALDO_ARTICULOS_FACTURA
--------------------------------------------------------

  CREATE OR REPLACE FUNCTION "DBAUSER1"."SALDO_ARTICULOS_FACTURA" (CENTRO_COSTOS INTEGER,FACTURA INTEGER)
RETURN INTEGER IS 
RESULTADO INTEGER;
BEGIN 
SELECT SUM(PR.PRECIO) INTO RESULTADO
FROM FACTURA F 
INNER JOIN DETALLE_FACTURA DF 
ON F.ID_FACTURA = DF.ID_FACTURA
INNER JOIN PRODUCTO PR
ON DF.ID_PRODUCTO = PR.ID_PRODUCTO
INNER JOIN CENTRO_COSTOS CC 
ON PR.ID_CENTRO_COSTOS = CC.ID_CENTRO_COSTOS
WHERE F.ID_FACTURA = FACTURA AND CC.ID_CENTRO_COSTOS = CENTRO_COSTOS;
RETURN RESULTADO;
END;

/
--------------------------------------------------------
--  Constraints for Table CENTRO_COSTOS
--------------------------------------------------------

  ALTER TABLE "DBAUSER1"."CENTRO_COSTOS" ADD UNIQUE ("NOMBRE_CENTRO_COSTOS") ENABLE;
  ALTER TABLE "DBAUSER1"."CENTRO_COSTOS" ADD PRIMARY KEY ("ID_CENTRO_COSTOS") ENABLE;
  ALTER TABLE "DBAUSER1"."CENTRO_COSTOS" MODIFY ("ID_CENTRO_COSTOS" NOT NULL ENABLE);
--------------------------------------------------------
--  Constraints for Table CIUDAD
--------------------------------------------------------

  ALTER TABLE "DBAUSER1"."CIUDAD" ADD PRIMARY KEY ("ID_CIUDAD") ENABLE;
  ALTER TABLE "DBAUSER1"."CIUDAD" MODIFY ("ID_ESTADO" NOT NULL ENABLE);
  ALTER TABLE "DBAUSER1"."CIUDAD" MODIFY ("NOMBRE_CIUDAD" NOT NULL ENABLE);
  ALTER TABLE "DBAUSER1"."CIUDAD" MODIFY ("ID_CIUDAD" NOT NULL ENABLE);
--------------------------------------------------------
--  Constraints for Table DETALLE_FACTURA
--------------------------------------------------------

  ALTER TABLE "DBAUSER1"."DETALLE_FACTURA" ADD PRIMARY KEY ("ID_DETALLE_FACTURA", "ID_FACTURA", "ID_PRODUCTO") ENABLE;
  ALTER TABLE "DBAUSER1"."DETALLE_FACTURA" MODIFY ("COSTO" NOT NULL ENABLE);
  ALTER TABLE "DBAUSER1"."DETALLE_FACTURA" MODIFY ("FECHA" NOT NULL ENABLE);
  ALTER TABLE "DBAUSER1"."DETALLE_FACTURA" MODIFY ("ID_PRODUCTO" NOT NULL ENABLE);
  ALTER TABLE "DBAUSER1"."DETALLE_FACTURA" MODIFY ("ID_FACTURA" NOT NULL ENABLE);
  ALTER TABLE "DBAUSER1"."DETALLE_FACTURA" MODIFY ("ID_DETALLE_FACTURA" NOT NULL ENABLE);
--------------------------------------------------------
--  Constraints for Table ESTADO
--------------------------------------------------------

  ALTER TABLE "DBAUSER1"."ESTADO" ADD PRIMARY KEY ("ID_ESTADO") ENABLE;
  ALTER TABLE "DBAUSER1"."ESTADO" MODIFY ("NOMBRE_ESTADO" NOT NULL ENABLE);
  ALTER TABLE "DBAUSER1"."ESTADO" MODIFY ("ID_ESTADO" NOT NULL ENABLE);
--------------------------------------------------------
--  Constraints for Table FACTURA
--------------------------------------------------------

  ALTER TABLE "DBAUSER1"."FACTURA" ADD PRIMARY KEY ("ID_FACTURA") ENABLE;
  ALTER TABLE "DBAUSER1"."FACTURA" MODIFY ("FECHA_ALTA" NOT NULL ENABLE);
  ALTER TABLE "DBAUSER1"."FACTURA" MODIFY ("FECHA_ADMISION" NOT NULL ENABLE);
  ALTER TABLE "DBAUSER1"."FACTURA" MODIFY ("NUM_PACIENTE" NOT NULL ENABLE);
  ALTER TABLE "DBAUSER1"."FACTURA" MODIFY ("FECHA_FACTURA" NOT NULL ENABLE);
  ALTER TABLE "DBAUSER1"."FACTURA" MODIFY ("ID_FACTURA" NOT NULL ENABLE);
--------------------------------------------------------
--  Constraints for Table PACIENTE
--------------------------------------------------------

  ALTER TABLE "DBAUSER1"."PACIENTE" ADD PRIMARY KEY ("NUM_PACIENTE") ENABLE;
  ALTER TABLE "DBAUSER1"."PACIENTE" MODIFY ("ID_CIUDAD" NOT NULL ENABLE);
  ALTER TABLE "DBAUSER1"."PACIENTE" MODIFY ("NOMBRE_PACIENTE" NOT NULL ENABLE);
  ALTER TABLE "DBAUSER1"."PACIENTE" MODIFY ("NUM_PACIENTE" NOT NULL ENABLE);
--------------------------------------------------------
--  Constraints for Table PRODUCTO
--------------------------------------------------------

  ALTER TABLE "DBAUSER1"."PRODUCTO" MODIFY ("UNIDADES_DISPONIBLES" NOT NULL ENABLE);
  ALTER TABLE "DBAUSER1"."PRODUCTO" ADD UNIQUE ("NOMBRE_PRODUCTO") ENABLE;
  ALTER TABLE "DBAUSER1"."PRODUCTO" ADD PRIMARY KEY ("ID_PRODUCTO") ENABLE;
  ALTER TABLE "DBAUSER1"."PRODUCTO" MODIFY ("ID_CENTRO_COSTOS" NOT NULL ENABLE);
  ALTER TABLE "DBAUSER1"."PRODUCTO" MODIFY ("PRECIO" NOT NULL ENABLE);
  ALTER TABLE "DBAUSER1"."PRODUCTO" MODIFY ("ID_PRODUCTO" NOT NULL ENABLE);
--------------------------------------------------------
--  Ref Constraints for Table CIUDAD
--------------------------------------------------------

  ALTER TABLE "DBAUSER1"."CIUDAD" ADD CONSTRAINT "FK_ESTADO" FOREIGN KEY ("ID_ESTADO")
	  REFERENCES "DBAUSER1"."ESTADO" ("ID_ESTADO") ENABLE;
--------------------------------------------------------
--  Ref Constraints for Table DETALLE_FACTURA
--------------------------------------------------------

  ALTER TABLE "DBAUSER1"."DETALLE_FACTURA" ADD CONSTRAINT "FK_FACTURA_DETALLE_FACT" FOREIGN KEY ("ID_FACTURA")
	  REFERENCES "DBAUSER1"."FACTURA" ("ID_FACTURA") ENABLE;
  ALTER TABLE "DBAUSER1"."DETALLE_FACTURA" ADD CONSTRAINT "FK_PRODUCTO_DETALLE_FACT" FOREIGN KEY ("ID_PRODUCTO")
	  REFERENCES "DBAUSER1"."PRODUCTO" ("ID_PRODUCTO") ENABLE;
--------------------------------------------------------
--  Ref Constraints for Table FACTURA
--------------------------------------------------------

  ALTER TABLE "DBAUSER1"."FACTURA" ADD CONSTRAINT "FK_FACTURA_PACIENTE" FOREIGN KEY ("NUM_PACIENTE")
	  REFERENCES "DBAUSER1"."PACIENTE" ("NUM_PACIENTE") ENABLE;
--------------------------------------------------------
--  Ref Constraints for Table PACIENTE
--------------------------------------------------------

  ALTER TABLE "DBAUSER1"."PACIENTE" ADD CONSTRAINT "FK_PACIENTE_CIUDAD" FOREIGN KEY ("ID_CIUDAD")
	  REFERENCES "DBAUSER1"."CIUDAD" ("ID_CIUDAD") ENABLE;
--------------------------------------------------------
--  Ref Constraints for Table PRODUCTO
--------------------------------------------------------

  ALTER TABLE "DBAUSER1"."PRODUCTO" ADD CONSTRAINT "FK_PRODUCTO_CENTRO_COSTOS" FOREIGN KEY ("ID_CENTRO_COSTOS")
	  REFERENCES "DBAUSER1"."CENTRO_COSTOS" ("ID_CENTRO_COSTOS") ENABLE;
